anno,gara,n_piloti,rho_block,peso
2023,Abu Dhabi,18,0.681871,18
2023,Abu Dhabi,17,0.566159,17
2023,Abu Dhabi,17,0.758630,17
2023,Abu Dhabi,16,0.279381,16
2023,Abu Dhabi,16,0.519176,16
2023,Abu Dhabi,16,0.749821,16
2023,Abu Dhabi,15,0.402505,15
2023,Abu Dhabi,15,0.448032,15
2023,Abu Dhabi,15,0.516995,15
2023,Abu Dhabi,15,0.551479,15
2023,Abu Dhabi,15,0.601614,15
2023,Abu Dhabi,14,0.377487,14
2023,Abu Dhabi,14,0.490071,14
2023,Abu Dhabi,14,0.558156,14
2023,Abu Dhabi,14,0.590962,14
2023,Abu Dhabi,13,0.342072,13
2023,Abu Dhabi,13,0.404960,13
2023,Abu Dhabi,13,0.590350,13
2023,Abu Dhabi,13,0.622261,13
2023,Abu Dhabi,12,0.181020,12
2023,Abu Dhabi,12,0.365559,12
2023,Abu Dhabi,12,0.516703,12
2023,Abu Dhabi,12,0.518390,12
2023,Abu Dhabi,12,0.582033,12
2023,Abu Dhabi,12,0.816300,12
2023,Abu Dhabi,11,0.085059,11
2023,Abu Dhabi,11,0.298178,11
2023,Abu Dhabi,11,0.400960,11
2023,Abu Dhabi,10,0.152912,10
2023,Abu Dhabi,10,0.640256,10
2023,Abu Dhabi,9,0.204302,9
2023,Abu Dhabi,9,0.610884,9
2023,Abu Dhabi,9,0.836827,9
2023,Abu Dhabi,8,-0.121988,8
2023,Abu Dhabi,8,0.036147,8
2023,Abu Dhabi,8,0.436436,8
2023,Abu Dhabi,8,0.566306,8
2023,Abu Dhabi,8,0.850315,8
2023,Abu Dhabi,7,-0.600099,7
2023,Abu Dhabi,7,0.709299,7
2023,Abu Dhabi,7,0.774806,7
2023,Abu Dhabi,7,0.801784,7
2023,Abu Dhabi,7,0.801784,7
2023,Abu Dhabi,6,-0.092582,6
2023,Abu Dhabi,6,0.550782,6
2023,Abu Dhabi,6,0.698253,6
2023,Abu Dhabi,6,0.845154,6
2023,Abu Dhabi,6,0.925820,6
2023,Abu Dhabi,5,0.894427,5
2023,Australian,14,0.729801,14
2023,Australian,13,0.340693,13
2023,Australian,13,0.599852,13
2023,Australian,13,0.655178,13
2023,Australian,12,0.571602,12
2023,Australian,11,-0.178638,11
2023,Australian,11,0.337967,11
2023,Australian,11,0.473464,11
2023,Australian,11,0.596724,11
2023,Australian,11,0.617990,11
2023,Australian,11,0.642130,11
2023,Australian,11,0.644250,11
2023,Australian,11,0.712900,11
2023,Australian,10,-0.047980,10
2023,Australian,10,0.207059,10
2023,Australian,10,0.357813,10
2023,Australian,10,0.516887,10
2023,Australian,10,0.589470,10
2023,Australian,9,-0.206257,9
2023,Australian,9,0.068465,9
2023,Australian,9,0.507972,9
2023,Australian,8,0.783547,8
2023,Australian,7,0.836660,7
2023,Austrian,17,0.307416,17
2023,Austrian,17,0.584621,17
2023,Austrian,16,0.420979,16
2023,Austrian,16,0.422456,16
2023,Austrian,16,0.581985,16
2023,Austrian,16,0.652800,16
2023,Austrian,16,0.656831,16
2023,Austrian,16,0.812416,16
2023,Austrian,15,0.626681,15
2023,Austrian,15,0.686942,15
2023,Austrian,15,0.722024,15
2023,Austrian,15,0.765238,15
2023,Austrian,15,0.834842,15
2023,Austrian,14,0.374864,14
2023,Austrian,14,0.396477,14
2023,Austrian,14,0.495076,14
2023,Austrian,14,0.497799,14
2023,Austrian,14,0.669344,14
2023,Austrian,14,0.682126,14
2023,Austrian,14,0.792616,14
2023,Austrian,14,0.810575,14
2023,Austrian,14,0.855845,14
2023,Austrian,13,0.324622,13
2023,Austrian,13,0.329737,13
2023,Austrian,13,0.578515,13
2023,Austrian,13,0.634488,13
2023,Austrian,13,0.651040,13
2023,Austrian,13,0.710640,13
2023,Austrian,13,0.750351,13
2023,Austrian,13,0.897804,13
2023,Austrian,12,0.342165,12
2023,Austrian,12,0.548338,12
2023,Austrian,12,0.679484,12
2023,Austrian,12,0.782461,12
2023,Austrian,12,0.794387,12
2023,Austrian,11,0.551761,11
2023,Austrian,11,0.626043,11
2023,Austrian,11,0.731988,11
2023,Austrian,11,0.732789,11
2023,Austrian,11,0.760974,11
2023,Austrian,11,0.872155,11
2023,Austrian,10,0.222475,10
2023,Austrian,10,0.532168,10
2023,Austrian,10,0.566221,10
2023,Austrian,10,0.614527,10
2023,Austrian,10,0.714620,10
2023,Austrian,10,0.791588,10
2023,Austrian,10,0.817424,10
2023,Austrian,9,0.603807,9
2023,Austrian,9,0.690066,9
2023,Austrian,9,0.725729,9
2023,Austrian,9,0.801752,9
2023,Austrian,8,0.606161,8
2023,Austrian,8,0.761094,8
2023,Austrian,6,0.637748,6
2023,Azerbaijan,12,0.544974,12
2023,Azerbaijan,12,0.599858,12
2023,Azerbaijan,12,0.677633,12
2023,Azerbaijan,11,0.267750,11
2023,Azerbaijan,11,0.573080,11
2023,Azerbaijan,11,0.591869,11
2023,Azerbaijan,11,0.634241,11
2023,Azerbaijan,11,0.667027,11
2023,Azerbaijan,11,0.789159,11
2023,Azerbaijan,10,-0.196395,10
2023,Azerbaijan,10,-0.075280,10
2023,Azerbaijan,10,0.238386,10
2023,Azerbaijan,10,0.747569,10
2023,Azerbaijan,9,-0.456435,9
2023,Azerbaijan,9,0.073030,9
2023,Azerbaijan,9,0.365148,9
2023,Azerbaijan,9,0.655562,9
2023,Azerbaijan,9,0.798199,9
2023,Azerbaijan,8,-0.027277,8
2023,Azerbaijan,8,0.300050,8
2023,Azerbaijan,8,0.644372,8
2023,Azerbaijan,7,0.078811,7
2023,Azerbaijan,7,0.078811,7
2023,Azerbaijan,7,0.111187,7
2023,Azerbaijan,7,0.334947,7
2023,Azerbaijan,7,0.668153,7
2023,Azerbaijan,6,-0.169031,6
2023,Azerbaijan,6,0.676123,6
2023,Azerbaijan,6,0.845154,6
2023,Azerbaijan,5,-0.670820,5
2023,Bahrain,15,0.301737,15
2023,Bahrain,15,0.392064,15
2023,Bahrain,15,0.426712,15
2023,Bahrain,15,0.476998,15
2023,Bahrain,14,0.214846,14
2023,Bahrain,14,0.526254,14
2023,Bahrain,14,0.598025,14
2023,Bahrain,13,-0.042025,13
2023,Bahrain,13,0.256292,13
2023,Bahrain,13,0.445183,13
2023,Bahrain,13,0.459655,13
2023,Bahrain,13,0.479721,13
2023,Bahrain,13,0.516405,13
2023,Bahrain,13,0.582229,13
2023,Bahrain,13,0.598944,13
2023,Bahrain,13,0.675992,13
2023,Bahrain,13,0.692683,13
2023,Bahrain,13,0.759883,13
2023,Bahrain,13,0.771188,13
2023,Bahrain,13,0.796154,13
2023,Bahrain,12,0.024781,12
2023,Bahrain,12,0.190823,12
2023,Bahrain,12,0.255345,12
2023,Bahrain,12,0.263677,12
2023,Bahrain,12,0.480503,12
2023,Bahrain,12,0.483136,12
2023,Bahrain,12,0.667936,12
2023,Bahrain,12,0.819231,12
2023,Bahrain,12,0.848648,12
2023,Bahrain,11,-0.086959,11
2023,Bahrain,11,0.419085,11
2023,Bahrain,11,0.600943,11
2023,Bahrain,11,0.757605,11
2023,Bahrain,10,0.080514,10
2023,Bahrain,9,0.305129,9
2023,Bahrain,9,0.632962,9
2023,Bahrain,8,0.614502,8
2023,Bahrain,8,0.626552,8
2023,Bahrain,8,0.927778,8
2023,Bahrain,7,0.781947,7
2023,Bahrain,7,0.889499,7
2023,Bahrain,5,-0.447214,5
2023,Bahrain,5,0.447214,5
2023,Bahrain,5,0.974679,5
2023,Belgian,14,0.121414,14
2023,Belgian,14,0.632859,14
2023,Belgian,14,0.803967,14
2023,Belgian,13,0.469620,13
2023,Belgian,13,0.644631,13
2023,Belgian,13,0.756918,13
2023,Belgian,13,0.815430,13
2023,Belgian,13,0.859507,13
2023,Belgian,12,0.253079,12
2023,Belgian,12,0.636213,12
2023,Belgian,12,0.681908,12
2023,Belgian,11,-0.358644,11
2023,Belgian,11,0.505696,11
2023,Belgian,11,0.589047,11
2023,Belgian,11,0.652975,11
2023,Belgian,11,0.700245,11
2023,Belgian,10,0.553912,10
2023,Belgian,10,0.757013,10
2023,Belgian,10,0.809040,10
2023,Belgian,10,0.809040,10
2023,Belgian,9,0.436990,9
2023,Belgian,9,0.483333,9
2023,Belgian,9,0.728040,9
2023,Belgian,9,0.781540,9
2023,Belgian,8,0.096225,8
2023,Belgian,8,0.518110,8
2023,Belgian,8,0.638601,8
2023,Belgian,8,0.682647,8
2023,Belgian,7,0.162169,7
2023,Belgian,7,0.576600,7
2023,Belgian,7,0.781947,7
2023,Belgian,7,0.882919,7
2023,Belgian,6,0.666737,6
2023,Belgian,5,0.666886,5
2023,British,17,0.669907,17
2023,British,15,0.144766,15
2023,British,14,0.159042,14
2023,British,14,0.207163,14
2023,British,14,0.467828,14
2023,British,14,0.487388,14
2023,British,14,0.541257,14
2023,British,14,0.607044,14
2023,British,13,-0.093953,13
2023,British,13,0.342962,13
2023,British,13,0.349687,13
2023,British,13,0.526235,13
2023,British,12,0.105877,12
2023,British,12,0.335314,12
2023,British,12,0.545860,12
2023,British,12,0.563582,12
2023,British,10,-0.168290,10
2023,British,9,0.219125,9
2023,British,9,0.257627,9
2023,British,9,0.308767,9
2023,British,8,-0.109109,8
2023,British,8,0.392823,8
2023,British,8,0.436436,8
2023,British,8,0.889499,8
2023,British,6,0.169031,6
2023,British,6,0.676123,6
2023,British,5,0.790569,5
2023,British,5,0.820783,5
2023,Canadian,15,0.523682,15
2023,Canadian,14,0.545655,14
2023,Canadian,14,0.706271,14
2023,Canadian,13,0.464925,13
2023,Canadian,13,0.497937,13
2023,Canadian,13,0.585970,13
2023,Canadian,13,0.615702,13
2023,Canadian,13,0.745530,13
2023,Canadian,13,0.795049,13
2023,Canadian,12,0.486866,12
2023,Canadian,12,0.711034,12
2023,Canadian,12,0.725045,12
2023,Canadian,12,0.776634,12
2023,Canadian,11,0.159454,11
2023,Canadian,11,0.296128,11
2023,Canadian,11,0.355354,11
2023,Canadian,11,0.418182,11
2023,Canadian,11,0.427273,11
2023,Canadian,11,0.432803,11
2023,Canadian,11,0.464694,11
2023,Canadian,11,0.522620,11
2023,Canadian,11,0.715264,11
2023,Canadian,10,0.228869,10
2023,Canadian,10,0.381818,10
2023,Canadian,10,0.381914,10
2023,Canadian,10,0.388384,10
2023,Canadian,10,0.408544,10
2023,Canadian,10,0.522799,10
2023,Canadian,10,0.534957,10
2023,Canadian,10,0.624242,10
2023,Canadian,10,0.672727,10
2023,Canadian,10,0.733333,10
2023,Canadian,9,0.529430,9
2023,Canadian,9,0.803326,9
2023,Canadian,9,0.851257,9
2023,Canadian,8,0.634183,8
2023,Canadian,8,0.638337,8
2023,Canadian,8,0.672234,8
2023,Canadian,6,0.371429,6
2023,Dutch,14,-0.031289,14
2023,Dutch,13,0.104828,13
2023,Dutch,13,0.194429,13
2023,Dutch,13,0.587278,13
2023,Dutch,12,0.007068,12
2023,Dutch,12,0.331040,12
2023,Dutch,12,0.550126,12
2023,Dutch,12,0.718328,12
2023,Dutch,12,0.804932,12
2023,Dutch,12,0.823964,12
2023,Dutch,11,-0.094873,11
2023,Dutch,11,-0.051422,11
2023,Dutch,11,0.046635,11
2023,Dutch,11,0.751224,11
2023,Dutch,10,-0.450695,10
2023,Dutch,10,-0.380153,10
2023,Dutch,10,0.165657,10
2023,Dutch,10,0.436975,10
2023,Dutch,10,0.486211,10
2023,Dutch,9,-0.016807,9
2023,Dutch,9,-0.008513,9
2023,Dutch,9,0.401677,9
2023,Dutch,9,0.425628,9
2023,Dutch,9,0.510465,9
2023,Dutch,8,-0.639010,8
2023,Dutch,8,0.048196,8
2023,Dutch,8,0.060245,8
2023,Dutch,8,0.170783,8
2023,Dutch,8,0.333333,8
2023,Dutch,8,0.754505,8
2023,Dutch,7,-0.555937,7
2023,Dutch,7,-0.222375,7
2023,Dutch,7,0.898177,7
2023,Dutch,5,0.153897,5
2023,Hungarian,17,0.412312,17
2023,Hungarian,16,0.382858,16
2023,Hungarian,16,0.635161,16
2023,Hungarian,16,0.687371,16
2023,Hungarian,16,0.742065,16
2023,Hungarian,16,0.768102,16
2023,Hungarian,16,0.779919,16
2023,Hungarian,16,0.785828,16
2023,Hungarian,15,0.432917,15
2023,Hungarian,15,0.537155,15
2023,Hungarian,15,0.576310,15
2023,Hungarian,15,0.597854,15
2023,Hungarian,15,0.639148,15
2023,Hungarian,15,0.666078,15
2023,Hungarian,15,0.668477,15
2023,Hungarian,15,0.671444,15
2023,Hungarian,15,0.680441,15
2023,Hungarian,15,0.698394,15
2023,Hungarian,15,0.730052,15
2023,Hungarian,15,0.730531,15
2023,Hungarian,15,0.756529,15
2023,Hungarian,14,0.352035,14
2023,Hungarian,14,0.577446,14
2023,Hungarian,14,0.651266,14
2023,Hungarian,14,0.683576,14
2023,Hungarian,14,0.692687,14
2023,Hungarian,14,0.759076,14
2023,Hungarian,14,0.777044,14
2023,Hungarian,13,0.394486,13
2023,Hungarian,13,0.460694,13
2023,Hungarian,13,0.617745,13
2023,Hungarian,13,0.698542,13
2023,Hungarian,13,0.718832,13
2023,Hungarian,13,0.729024,13
2023,Hungarian,13,0.752069,13
2023,Hungarian,12,0.437829,12
2023,Hungarian,12,0.509673,12
2023,Hungarian,12,0.594033,12
2023,Hungarian,12,0.640861,12
2023,Hungarian,12,0.819834,12
2023,Hungarian,11,0.084145,11
2023,Hungarian,11,0.274606,11
2023,Hungarian,11,0.333712,11
2023,Hungarian,11,0.665150,11
2023,Hungarian,11,0.672785,11
2023,Hungarian,10,0.237809,10
2023,Hungarian,10,0.613985,10
2023,Hungarian,10,0.691161,10
2023,Hungarian,9,0.455733,9
2023,Hungarian,9,0.661094,9
2023,Hungarian,9,0.820091,9
2023,Hungarian,9,0.895405,9
2023,Hungarian,9,0.949030,9
2023,Hungarian,8,-0.397619,8
2023,Hungarian,8,-0.257790,8
2023,Hungarian,8,-0.052164,8
2023,Hungarian,8,0.771140,8
2023,Hungarian,8,0.886243,8
2023,Hungarian,7,-0.148250,7
2023,Hungarian,7,-0.077152,7
2023,Hungarian,7,0.898177,7
2023,Hungarian,6,0.521794,6
2023,Hungarian,5,0.447214,5
2023,Italian,13,0.303031,13
2023,Italian,13,0.308540,13
2023,Italian,13,0.840224,13
2023,Italian,12,0.140105,12
2023,Italian,12,0.322242,12
2023,Italian,12,0.350879,12
2023,Italian,12,0.385965,12
2023,Italian,12,0.452634,12
2023,Italian,12,0.491231,12
2023,Italian,12,0.612961,12
2023,Italian,12,0.691232,12
2023,Italian,11,0.305939,11
2023,Italian,11,0.397621,11
2023,Italian,11,0.401831,11
2023,Italian,11,0.470325,11
2023,Italian,11,0.552517,11
2023,Italian,11,0.639276,11
2023,Italian,11,0.733487,11
2023,Italian,11,0.765378,11
2023,Italian,10,-0.371958,10
2023,Italian,10,0.036586,10
2023,Italian,10,0.287881,10
2023,Italian,10,0.644220,10
2023,Italian,10,0.644380,10
2023,Italian,10,0.727859,10
2023,Italian,10,0.826752,10
2023,Italian,9,0.067516,9
2023,Italian,9,0.207931,9
2023,Italian,9,0.522958,9
2023,Italian,9,0.554641,9
2023,Italian,9,0.714311,9
2023,Italian,9,0.924402,9
2023,Italian,8,0.759091,8
2023,Italian,8,0.867533,8
2023,Italian,7,0.059108,7
2023,Italian,7,0.729769,7
2023,Italian,7,0.836660,7
2023,Italian,7,0.872872,7
2023,Italian,6,-0.308607,6
2023,Italian,6,0.169031,6
2023,Italian,6,0.169031,6
2023,Italian,6,0.507093,6
2023,Italian,6,0.676123,6
2023,Italian,6,0.771517,6
2023,Italian,5,0.579751,5
2023,Japanese,14,0.562919,14
2023,Japanese,14,0.911525,14
2023,Japanese,13,0.549732,13
2023,Japanese,13,0.803352,13
2023,Japanese,13,0.833824,13
2023,Japanese,13,0.880008,13
2023,Japanese,13,0.880008,13
2023,Japanese,12,0.401418,12
2023,Japanese,12,0.408461,12
2023,Japanese,12,0.530763,12
2023,Japanese,12,0.593673,12
2023,Japanese,12,0.713150,12
2023,Japanese,12,0.717355,12
2023,Japanese,12,0.822507,12
2023,Japanese,12,0.826022,12
2023,Japanese,12,0.836567,12
2023,Japanese,12,0.887346,12
2023,Japanese,11,0.324204,11
2023,Japanese,11,0.421063,11
2023,Japanese,11,0.700245,11
2023,Japanese,11,0.780830,11
2023,Japanese,11,0.800053,11
2023,Japanese,11,0.810936,11
2023,Japanese,11,0.840191,11
2023,Japanese,11,0.851279,11
2023,Japanese,11,0.878739,11
2023,Japanese,10,0.323177,10
2023,Japanese,10,0.600000,10
2023,Japanese,10,0.628060,10
2023,Japanese,10,0.682940,10
2023,Japanese,10,0.778119,10
2023,Japanese,10,0.828283,10
2023,Japanese,10,0.873950,10
2023,Japanese,9,0.168790,9
2023,Japanese,9,0.302532,9
2023,Japanese,9,0.689100,9
2023,Japanese,9,0.762821,9
2023,Japanese,9,0.762821,9
2023,Japanese,8,-0.041239,8
2023,Japanese,8,0.518267,8
2023,Japanese,6,-0.405840,6
2023,Japanese,5,0.223607,5
2023,Las Vegas,11,-0.157434,11
2023,Las Vegas,11,0.112646,11
2023,Las Vegas,11,0.427614,11
2023,Las Vegas,11,0.596933,11
2023,Las Vegas,10,-0.423345,10
2023,Las Vegas,10,-0.220185,10
2023,Las Vegas,9,-0.229839,9
2023,Las Vegas,9,0.408603,9
2023,Las Vegas,9,0.644087,9
2023,Las Vegas,9,0.900603,9
2023,Las Vegas,8,-0.409668,8
2023,Las Vegas,8,0.282341,8
2023,Las Vegas,8,0.542208,8
2023,Las Vegas,8,0.658733,8
2023,Las Vegas,8,0.819337,8
2023,Las Vegas,7,-0.306319,7
2023,Las Vegas,7,0.518875,7
2023,Las Vegas,7,0.788110,7
2023,Las Vegas,7,0.801784,7
2023,Las Vegas,7,0.828862,7
2023,Las Vegas,6,-0.231908,6
2023,Las Vegas,6,-0.088273,6
2023,Las Vegas,5,0.102598,5
2023,Mexico City,12,-0.194705,12
2023,Mexico City,12,-0.166384,12
2023,Mexico City,12,-0.012512,12
2023,Mexico City,12,-0.012512,12
2023,Mexico City,12,0.028321,12
2023,Mexico City,12,0.031861,12
2023,Mexico City,11,-0.146795,11
2023,Mexico City,11,-0.041479,11
2023,Mexico City,11,0.024851,11
2023,Mexico City,11,0.059636,11
2023,Mexico City,11,0.087160,11
2023,Mexico City,11,0.224626,11
2023,Mexico City,11,0.405569,11
2023,Mexico City,11,0.765050,11
2023,Mexico City,10,-0.147250,10
2023,Mexico City,10,-0.087827,10
2023,Mexico City,10,-0.077850,10
2023,Mexico City,10,-0.061165,10
2023,Mexico City,10,-0.055048,10
2023,Mexico City,10,0.036699,10
2023,Mexico City,10,0.240782,10
2023,Mexico City,10,0.421152,10
2023,Mexico City,10,0.458735,10
2023,Mexico City,10,0.501666,10
2023,Mexico City,10,0.758442,10
2023,Mexico City,10,0.867077,10
2023,Mexico City,9,-0.146795,9
2023,Mexico City,9,-0.034050,9
2023,Mexico City,9,0.091287,9
2023,Mexico City,9,0.443898,9
2023,Mexico City,8,0.072739,8
2023,Mexico City,8,0.414758,8
2023,Mexico City,8,0.780720,8
2023,Mexico City,7,-0.200033,7
2023,Mexico City,7,-0.133631,7
2023,Mexico City,7,-0.133631,7
2023,Mexico City,7,0.000000,7
2023,Mexico City,7,0.440534,7
2023,Mexico City,7,0.709208,7
2023,Mexico City,6,-0.117698,6
2023,Mexico City,6,0.264820,6
2023,Mexico City,6,0.441367,6
2023,Miami,16,0.182892,16
2023,Miami,15,-0.330948,15
2023,Miami,15,0.193030,15
2023,Miami,15,0.209115,15
2023,Miami,15,0.309482,15
2023,Miami,15,0.439678,15
2023,Miami,14,-0.194478,14
2023,Miami,14,-0.068509,14
2023,Miami,14,0.108289,14
2023,Miami,14,0.158416,14
2023,Miami,14,0.436567,14
2023,Miami,13,-0.414948,13
2023,Miami,13,-0.215773,13
2023,Miami,13,-0.057851,13
2023,Miami,13,0.105120,13
2023,Miami,13,0.229736,13
2023,Miami,13,0.365888,13
2023,Miami,12,-0.257506,12
2023,Miami,12,-0.234066,12
2023,Miami,12,-0.218315,12
2023,Miami,12,-0.070424,12
2023,Miami,12,-0.007018,12
2023,Miami,12,0.267431,12
2023,Miami,12,0.388667,12
2023,Miami,11,-0.578006,11
2023,Miami,11,-0.246578,11
2023,Miami,11,-0.027335,11
2023,Miami,11,0.027335,11
2023,Miami,11,0.302765,11
2023,Miami,11,0.377036,11
2023,Miami,11,0.394512,11
2023,Miami,11,0.548986,11
2023,Miami,11,0.651339,11
2023,Miami,10,-0.337449,10
2023,Miami,10,-0.233874,10
2023,Miami,10,0.140247,10
2023,Miami,10,0.386455,10
2023,Miami,10,0.750366,10
2023,Miami,9,0.431291,9
2023,Miami,9,0.695015,9
2023,Miami,8,0.463713,8
2023,Miami,8,0.463713,8
2023,Miami,8,0.654654,8
2023,Miami,8,0.872872,8
2023,Miami,8,0.872872,8
2023,Miami,7,-0.118217,7
2023,Miami,7,-0.019703,7
2023,Miami,7,0.748705,7
2023,Miami,6,0.941124,6
2023,Miami,6,0.941124,6
2023,Miami,5,0.894427,5
2023,Monaco,16,-0.128914,16
2023,Monaco,15,-0.635965,15
2023,Monaco,15,-0.445379,15
2023,Monaco,15,-0.038813,15
2023,Monaco,15,-0.019389,15
2023,Monaco,15,0.076640,15
2023,Monaco,15,0.187877,15
2023,Monaco,15,0.314629,15
2023,Monaco,14,-0.068148,14
2023,Monaco,14,0.210346,14
2023,Monaco,13,-0.480108,13
2023,Monaco,13,-0.037155,13
2023,Monaco,13,0.104700,13
2023,Monaco,13,0.181568,13
2023,Monaco,13,0.248289,13
2023,Monaco,13,0.290170,13
2023,Monaco,12,-0.115084,12
2023,Monaco,12,0.037537,12
2023,Monaco,12,0.087370,12
2023,Monaco,12,0.257011,12
2023,Monaco,12,0.279933,12
2023,Monaco,12,0.454617,12
2023,Monaco,12,0.529691,12
2023,Monaco,11,-0.471940,11
2023,Monaco,11,0.005781,11
2023,Monaco,11,0.161874,11
2023,Monaco,11,0.221114,11
2023,Monaco,11,0.440997,11
2023,Monaco,11,0.539360,11
2023,Monaco,11,0.539360,11
2023,Monaco,11,0.644250,11
2023,Monaco,10,0.077850,10
2023,Monaco,8,0.545545,8
2023,Monaco,6,0.169031,6
2023,Monaco,5,0.223607,5
2023,Monaco,5,0.223607,5
2023,Monaco,5,0.632456,5
2023,Monaco,5,0.790569,5
2023,Monaco,5,0.790569,5
2023,Qatar,16,-0.076360,16
2023,Qatar,14,-0.289558,14
2023,Qatar,14,-0.120687,14
2023,Qatar,14,0.033524,14
2023,Qatar,14,0.283544,14
2023,Qatar,13,-0.204814,13
2023,Qatar,13,-0.182369,13
2023,Qatar,13,-0.047696,13
2023,Qatar,13,0.011320,13
2023,Qatar,13,0.382096,13
2023,Qatar,12,-0.392947,12
2023,Qatar,12,-0.301725,12
2023,Qatar,12,0.262526,12
2023,Qatar,12,0.311354,12
2023,Qatar,12,0.469682,12
2023,Qatar,12,0.596879,12
2023,Qatar,11,0.027981,11
2023,Qatar,11,0.111130,11
2023,Qatar,11,0.149233,11
2023,Qatar,10,0.203101,10
2023,Qatar,10,0.354779,10
2023,Qatar,10,0.382782,10
2023,Qatar,10,0.401493,10
2023,Qatar,10,0.650459,10
2023,Qatar,10,0.670849,10
2023,Qatar,9,-0.316228,9
2023,Qatar,9,0.075633,9
2023,Qatar,9,0.076948,9
2023,Qatar,9,0.218495,9
2023,Qatar,9,0.310530,9
2023,Qatar,9,0.393292,9
2023,Qatar,9,0.472612,9
2023,Qatar,8,0.271791,8
2023,Qatar,8,0.443122,8
2023,Qatar,7,0.144150,7
2023,Qatar,7,0.270281,7
2023,Qatar,7,0.763763,7
2023,Qatar,6,-0.794461,6
2023,Qatar,6,-0.144943,6
2023,Qatar,6,0.115954,6
2023,Qatar,6,0.428571,6
2023,Qatar,6,0.657143,6
2023,Qatar,6,0.840668,6
2023,Qatar,5,0.359092,5
2023,Qatar,5,0.410391,5
2023,Qatar,5,0.894427,5
2023,Qatar,5,0.900000,5
2023,Saudi Arabian,15,-0.628252,15
2023,Saudi Arabian,15,-0.434233,15
2023,Saudi Arabian,15,-0.431847,15
2023,Saudi Arabian,15,-0.024021,15
2023,Saudi Arabian,15,-0.023185,15
2023,Saudi Arabian,15,0.164928,15
2023,Saudi Arabian,14,-0.580132,14
2023,Saudi Arabian,14,-0.483809,14
2023,Saudi Arabian,14,0.151158,14
2023,Saudi Arabian,14,0.217036,14
2023,Saudi Arabian,13,-0.306519,13
2023,Saudi Arabian,13,-0.240910,13
2023,Saudi Arabian,13,0.076524,13
2023,Saudi Arabian,12,0.189574,12
2023,Saudi Arabian,12,0.431411,12
2023,Saudi Arabian,12,0.536266,12
2023,Saudi Arabian,12,0.599858,12
2023,Saudi Arabian,11,0.453782,11
2023,Saudi Arabian,11,0.471940,11
2023,Saudi Arabian,11,0.474435,11
2023,Saudi Arabian,11,0.516908,11
2023,Saudi Arabian,11,0.565643,11
2023,Saudi Arabian,11,0.606780,11
2023,Saudi Arabian,11,0.722652,11
2023,Saudi Arabian,10,0.258045,10
2023,Saudi Arabian,10,0.386455,10
2023,Saudi Arabian,10,0.900899,10
2023,Saudi Arabian,9,0.387970,9
2023,Saudi Arabian,9,0.707475,9
2023,Saudi Arabian,9,0.730297,9
2023,Saudi Arabian,8,0.294617,8
2023,Saudi Arabian,8,0.613786,8
2023,Saudi Arabian,8,0.675164,8
2023,Saudi Arabian,8,0.716268,8
2023,Saudi Arabian,8,0.732589,8
2023,Saudi Arabian,5,0.782624,5
2023,Singapore,13,-0.336413,13
2023,Singapore,13,-0.245182,13
2023,Singapore,13,0.011628,13
2023,Singapore,13,0.040767,13
2023,Singapore,12,0.453422,12
2023,Singapore,11,0.167697,11
2023,Singapore,10,0.587198,10
2023,Singapore,9,-0.091287,9
2023,Singapore,9,0.806779,9
2023,Singapore,8,0.109109,8
2023,Singapore,8,0.572822,8
2023,Singapore,7,0.133631,7
2023,Singapore,7,0.400892,7
2023,Singapore,6,-0.678935,6
2023,Singapore,6,-0.462910,6
2023,Singapore,6,-0.246885,6
2023,Singapore,6,-0.061721,6
2023,Singapore,6,-0.061721,6
2023,Singapore,6,0.061721,6
2023,Singapore,6,0.092582,6
2023,Singapore,6,0.185164,6
2023,Singapore,6,0.401189,6
2023,Singapore,6,0.555492,6
2023,Singapore,5,0.632456,5
2023,Singapore,5,0.688247,5
2023,Singapore,5,0.790569,5
2023,Spanish,16,0.363102,16
2023,Spanish,15,0.044723,15
2023,Spanish,15,0.064633,15
2023,Spanish,15,0.180842,15
2023,Spanish,15,0.256736,15
2023,Spanish,15,0.299016,15
2023,Spanish,15,0.389945,15
2023,Spanish,15,0.423705,15
2023,Spanish,15,0.432529,15
2023,Spanish,15,0.445651,15
2023,Spanish,15,0.495072,15
2023,Spanish,15,0.517459,15
2023,Spanish,15,0.603404,15
2023,Spanish,14,0.125829,14
2023,Spanish,14,0.200220,14
2023,Spanish,14,0.269318,14
2023,Spanish,14,0.416301,14
2023,Spanish,14,0.465788,14
2023,Spanish,14,0.589857,14
2023,Spanish,14,0.671833,14
2023,Spanish,14,0.745592,14
2023,Spanish,13,-0.093924,13
2023,Spanish,13,0.127074,13
2023,Spanish,13,0.259313,13
2023,Spanish,13,0.297112,13
2023,Spanish,13,0.432509,13
2023,Spanish,13,0.463452,13
2023,Spanish,13,0.490360,13
2023,Spanish,13,0.491039,13
2023,Spanish,13,0.551266,13
2023,Spanish,13,0.587278,13
2023,Spanish,13,0.636366,13
2023,Spanish,13,0.681464,13
2023,Spanish,12,0.073685,12
2023,Spanish,12,0.084211,12
2023,Spanish,12,0.192984,12
2023,Spanish,12,0.284212,12
2023,Spanish,12,0.288740,12
2023,Spanish,12,0.310418,12
2023,Spanish,12,0.403511,12
2023,Spanish,12,0.425313,12
2023,Spanish,12,0.488583,12
2023,Spanish,12,0.571933,12
2023,Spanish,12,0.605649,12
2023,Spanish,12,0.613780,12
2023,Spanish,11,0.229367,11
2023,Spanish,11,0.259682,11
2023,Spanish,11,0.501183,11
2023,Spanish,10,-0.182930,10
2023,Spanish,10,0.426586,10
2023,Spanish,9,0.224271,9
2023,Spanish,9,0.345033,9
2023,Spanish,9,0.349749,9
2023,Spanish,9,0.357528,9
2023,Spanish,9,0.468191,9
2023,Spanish,8,-0.293715,8
2023,Spanish,8,0.494663,8
2023,Spanish,7,-0.090094,7
2023,Spanish,6,0.666737,6
2023,Spanish,5,-0.263523,5
2023,Spanish,5,0.158114,5
2023,São Paulo,14,0.383108,14
2023,São Paulo,14,0.577446,14
2023,São Paulo,14,0.699130,14
2023,São Paulo,14,0.913737,14
2023,São Paulo,13,0.332449,13
2023,São Paulo,13,0.336555,13
2023,São Paulo,13,0.358860,13
2023,São Paulo,13,0.361382,13
2023,São Paulo,13,0.388969,13
2023,São Paulo,13,0.444142,13
2023,São Paulo,13,0.502073,13
2023,São Paulo,13,0.521384,13
2023,São Paulo,13,0.537936,13
2023,São Paulo,13,0.540185,13
2023,São Paulo,13,0.549732,13
2023,São Paulo,13,0.617936,13
2023,São Paulo,13,0.667592,13
2023,São Paulo,13,0.772880,13
2023,São Paulo,12,-0.010601,12
2023,São Paulo,12,0.207384,12
2023,São Paulo,12,0.242107,12
2023,São Paulo,12,0.332174,12
2023,São Paulo,12,0.347371,12
2023,São Paulo,12,0.371932,12
2023,São Paulo,12,0.628716,12
2023,São Paulo,12,0.629011,12
2023,São Paulo,12,0.680802,12
2023,São Paulo,12,0.721849,12
2023,São Paulo,12,0.731490,12
2023,São Paulo,11,0.023044,11
2023,São Paulo,11,0.228313,11
2023,São Paulo,11,0.292240,11
2023,São Paulo,11,0.566874,11
2023,São Paulo,11,0.580701,11
2023,São Paulo,11,0.649832,11
2023,São Paulo,11,0.733976,11
2023,São Paulo,10,-0.097312,10
2023,São Paulo,10,0.443129,10
2023,São Paulo,10,0.458735,10
2023,São Paulo,10,0.518607,10
2023,São Paulo,10,0.561825,10
2023,São Paulo,10,0.617763,10
2023,São Paulo,10,0.696339,10
2023,São Paulo,9,-0.183618,9
2023,São Paulo,9,0.084758,9
2023,São Paulo,9,0.151266,9
2023,São Paulo,9,0.207020,9
2023,São Paulo,9,0.324893,9
2023,São Paulo,9,0.514809,9
2023,São Paulo,9,0.801752,9
2023,São Paulo,8,-0.150188,8
2023,São Paulo,8,0.052164,8
2023,São Paulo,8,0.208687,8
2023,São Paulo,8,0.922172,8
2023,São Paulo,7,0.750000,7
2023,São Paulo,6,-0.151794,6
2023,São Paulo,5,-1.000000,5
2023,São Paulo,5,0.670820,5
2023,São Paulo,5,0.802955,5
2023,United States,17,0.661343,17
2023,United States,16,0.559369,16
2023,United States,15,0.557351,15
2023,United States,15,0.593728,15
2023,United States,15,0.651748,15
2023,United States,15,0.716207,15
2023,United States,15,0.747317,15
2023,United States,14,0.500554,14
2023,United States,14,0.576165,14
2023,United States,14,0.593168,14
2023,United States,14,0.608603,14
2023,United States,14,0.626244,14
2023,United States,14,0.637269,14
2023,United States,14,0.657843,14
2023,United States,14,0.761597,14
2023,United States,13,0.196924,13
2023,United States,13,0.371555,13
2023,United States,13,0.491720,13
2023,United States,13,0.651458,13
2023,United States,12,0.185966,12
2023,United States,12,0.301032,12
2023,United States,12,0.330442,12
2023,United States,12,0.460463,12
2023,United States,12,0.554389,12
2023,United States,12,0.846144,12
2023,United States,12,0.847112,12
2023,United States,11,-0.105024,11
2023,United States,11,0.250570,11
2023,United States,11,0.452060,11
2023,United States,11,0.534252,11
2023,United States,11,0.625577,11
2023,United States,11,0.676213,11
2023,United States,11,0.696536,11
2023,United States,11,0.887415,11
2023,United States,10,0.440565,10
2023,United States,10,0.852825,10
2023,United States,9,0.782217,9
2023,United States,8,0.463713,8
2023,United States,8,0.654654,8
2023,United States,8,0.740674,8
2023,United States,8,0.849805,8
2023,United States,8,0.896127,8
2023,United States,7,0.667124,7
2023,United States,6,0.231908,6
2024,Abu Dhabi,16,0.296024,16
2024,Abu Dhabi,16,0.299190,16
2024,Abu Dhabi,16,0.456554,16
2024,Abu Dhabi,16,0.471282,16
2024,Abu Dhabi,16,0.653904,16
2024,Abu Dhabi,16,0.668631,16
2024,Abu Dhabi,15,0.236348,15
2024,Abu Dhabi,14,0.244764,14
2024,Abu Dhabi,14,0.267621,14
2024,Abu Dhabi,14,0.308371,14
2024,Abu Dhabi,14,0.471888,14
2024,Abu Dhabi,14,0.532454,14
2024,Abu Dhabi,14,0.568283,14
2024,Abu Dhabi,14,0.609031,14
2024,Abu Dhabi,14,0.665944,14
2024,Abu Dhabi,14,0.729679,14
2024,Abu Dhabi,14,0.861236,14
2024,Abu Dhabi,14,0.915817,14
2024,Abu Dhabi,13,0.077242,13
2024,Abu Dhabi,13,0.148556,13
2024,Abu Dhabi,13,0.201103,13
2024,Abu Dhabi,13,0.567495,13
2024,Abu Dhabi,13,0.653789,13
2024,Abu Dhabi,13,0.752464,13
2024,Abu Dhabi,13,0.757579,13
2024,Abu Dhabi,12,-0.014060,12
2024,Abu Dhabi,12,0.512396,12
2024,Abu Dhabi,12,0.529375,12
2024,Abu Dhabi,12,0.643146,12
2024,Abu Dhabi,12,0.820575,12
2024,Abu Dhabi,11,0.333337,11
2024,Abu Dhabi,11,0.456716,11
2024,Abu Dhabi,11,0.601246,11
2024,Abu Dhabi,11,0.606373,11
2024,Abu Dhabi,11,0.654478,11
2024,Abu Dhabi,11,0.708825,11
2024,Abu Dhabi,11,0.726035,11
2024,Abu Dhabi,10,0.446091,10
2024,Abu Dhabi,10,0.589692,10
2024,Abu Dhabi,10,0.664972,10
2024,Abu Dhabi,9,0.217832,9
2024,Abu Dhabi,9,0.287143,9
2024,Abu Dhabi,9,0.596660,9
2024,Abu Dhabi,9,0.806751,9
2024,Abu Dhabi,7,0.236433,7
2024,Abu Dhabi,7,0.757240,7
2024,Abu Dhabi,6,-0.169031,6
2024,Abu Dhabi,6,-0.169031,6
2024,Abu Dhabi,5,0.632456,5
2024,Australian,15,-0.360214,15
2024,Australian,15,-0.282638,15
2024,Australian,15,-0.021603,15
2024,Australian,15,0.250233,15
2024,Australian,15,0.561138,15
2024,Australian,14,-0.228646,14
2024,Australian,14,-0.084355,14
2024,Australian,14,0.064161,14
2024,Australian,14,0.176995,14
2024,Australian,14,0.466172,14
2024,Australian,14,0.548685,14
2024,Australian,13,-0.175011,13
2024,Australian,13,0.227155,13
2024,Australian,12,-0.148154,12
2024,Australian,12,-0.130285,12
2024,Australian,12,-0.074077,12
2024,Australian,12,0.014110,12
2024,Australian,12,0.176061,12
2024,Australian,11,-0.078349,11
2024,Australian,11,0.046087,11
2024,Australian,11,0.078532,11
2024,Australian,11,0.182315,11
2024,Australian,11,0.193116,11
2024,Australian,11,0.204221,11
2024,Australian,11,0.230437,11
2024,Australian,11,0.276524,11
2024,Australian,11,0.315797,11
2024,Australian,11,0.324204,11
2024,Australian,11,0.495434,11
2024,Australian,11,0.502352,11
2024,Australian,11,0.508021,11
2024,Australian,10,-0.165657,10
2024,Australian,10,-0.054711,10
2024,Australian,10,-0.024391,10
2024,Australian,10,0.220283,10
2024,Australian,10,0.500009,10
2024,Australian,10,0.654462,10
2024,Australian,9,-0.184880,9
2024,Australian,9,0.000000,9
2024,Australian,9,0.042563,9
2024,Australian,9,0.235302,9
2024,Australian,9,0.544804,9
2024,Australian,8,-0.011976,8
2024,Australian,8,0.095238,8
2024,Australian,7,-0.112272,7
2024,Australian,7,0.449089,7
2024,Austrian,15,0.618721,15
2024,Austrian,15,0.644586,15
2024,Austrian,15,0.741940,15
2024,Austrian,15,0.843818,15
2024,Austrian,14,0.051114,14
2024,Austrian,14,0.256929,14
2024,Austrian,14,0.429991,14
2024,Austrian,14,0.455762,14
2024,Austrian,14,0.504964,14
2024,Austrian,14,0.695252,14
2024,Austrian,14,0.716202,14
2024,Austrian,14,0.753910,14
2024,Austrian,14,0.836302,14
2024,Austrian,13,0.154271,13
2024,Austrian,13,0.314051,13
2024,Austrian,13,0.316806,13
2024,Austrian,13,0.367409,13
2024,Austrian,13,0.382820,13
2024,Austrian,13,0.416079,13
2024,Austrian,13,0.422790,13
2024,Austrian,13,0.438624,13
2024,Austrian,13,0.457323,13
2024,Austrian,13,0.463452,13
2024,Austrian,13,0.550966,13
2024,Austrian,13,0.595147,13
2024,Austrian,13,0.615178,13
2024,Austrian,13,0.650963,13
2024,Austrian,13,0.683198,13
2024,Austrian,13,0.720246,13
2024,Austrian,13,0.747593,13
2024,Austrian,13,0.791731,13
2024,Austrian,13,0.822076,13
2024,Austrian,13,0.848079,13
2024,Austrian,12,0.273686,12
2024,Austrian,12,0.550881,12
2024,Austrian,12,0.578274,12
2024,Austrian,12,0.752692,12
2024,Austrian,12,0.814040,12
2024,Austrian,12,0.824566,12
2024,Austrian,12,0.866672,12
2024,Austrian,11,0.271717,11
2024,Austrian,11,0.391801,11
2024,Austrian,11,0.498868,11
2024,Austrian,11,0.659054,11
2024,Austrian,11,0.794529,11
2024,Austrian,10,0.198950,10
2024,Austrian,10,0.233550,10
2024,Austrian,10,0.601826,10
2024,Austrian,10,0.611647,10
2024,Austrian,10,0.768037,10
2024,Austrian,10,0.826752,10
2024,Austrian,9,-0.273861,9
2024,Austrian,9,0.453798,9
2024,Austrian,8,-0.109109,8
2024,Austrian,8,0.109109,8
2024,Austrian,8,0.698846,8
2024,Austrian,8,0.845594,8
2024,Austrian,8,0.970077,8
2024,Austrian,7,-0.337100,7
2024,Austrian,7,-0.267261,7
2024,Austrian,7,0.163663,7
2024,Austrian,7,0.714286,7
2024,Austrian,7,0.981981,7
2024,Austrian,5,0.051299,5
2024,Austrian,5,0.223607,5
2024,Austrian,5,0.974679,5
2024,Azerbaijan,15,0.556561,15
2024,Azerbaijan,14,0.256643,14
2024,Azerbaijan,14,0.501665,14
2024,Azerbaijan,13,0.762443,13
2024,Azerbaijan,12,-0.144626,12
2024,Azerbaijan,12,0.154659,12
2024,Azerbaijan,12,0.225358,12
2024,Azerbaijan,12,0.226923,12
2024,Azerbaijan,12,0.403418,12
2024,Azerbaijan,12,0.478885,12
2024,Azerbaijan,12,0.552255,12
2024,Azerbaijan,12,0.680802,12
2024,Azerbaijan,12,0.725357,12
2024,Azerbaijan,12,0.797902,12
2024,Azerbaijan,11,0.068810,11
2024,Azerbaijan,11,0.315797,11
2024,Azerbaijan,11,0.368699,11
2024,Azerbaijan,11,0.485052,11
2024,Azerbaijan,11,0.873621,11
2024,Azerbaijan,11,0.889946,11
2024,Azerbaijan,10,0.115856,10
2024,Azerbaijan,10,0.263008,10
2024,Azerbaijan,10,0.294153,10
2024,Azerbaijan,10,0.409803,10
2024,Azerbaijan,9,-0.571449,9
2024,Azerbaijan,9,-0.364459,9
2024,Azerbaijan,9,0.075955,9
2024,Azerbaijan,9,0.302765,9
2024,Azerbaijan,9,0.356348,9
2024,Azerbaijan,9,0.362898,9
2024,Azerbaijan,9,0.462201,9
2024,Azerbaijan,9,0.635685,9
2024,Azerbaijan,8,-0.431145,8
2024,Azerbaijan,8,0.578355,8
2024,Azerbaijan,8,0.710895,8
2024,Bahrain,18,0.303314,18
2024,Bahrain,18,0.604244,18
2024,Bahrain,18,0.627007,18
2024,Bahrain,18,0.665635,18
2024,Bahrain,18,0.710815,18
2024,Bahrain,17,0.514149,17
2024,Bahrain,17,0.576522,17
2024,Bahrain,17,0.640051,17
2024,Bahrain,17,0.769518,17
2024,Bahrain,16,0.284873,16
2024,Bahrain,16,0.354509,16
2024,Bahrain,16,0.445430,16
2024,Bahrain,16,0.545057,16
2024,Bahrain,16,0.548675,16
2024,Bahrain,16,0.565318,16
2024,Bahrain,16,0.653879,16
2024,Bahrain,15,0.165024,15
2024,Bahrain,15,0.773314,15
2024,Bahrain,14,0.610299,14
2024,Bahrain,14,0.610808,14
2024,Bahrain,14,0.795171,14
2024,Bahrain,13,0.356359,13
2024,Bahrain,13,0.567119,13
2024,Bahrain,13,0.634167,13
2024,Bahrain,13,0.657451,13
2024,Bahrain,13,0.814433,13
2024,Bahrain,13,0.821121,13
2024,Bahrain,12,0.418283,12
2024,Bahrain,12,0.453115,12
2024,Bahrain,12,0.461279,12
2024,Bahrain,12,0.499205,12
2024,Bahrain,12,0.643243,12
2024,Bahrain,12,0.648966,12
2024,Bahrain,12,0.909804,12
2024,Bahrain,11,0.769659,11
2024,Bahrain,10,0.440386,10
2024,Bahrain,10,0.642229,10
2024,Bahrain,10,0.750858,10
2024,Bahrain,10,0.789024,10
2024,Bahrain,9,0.307794,9
2024,Bahrain,8,0.731925,8
2024,Bahrain,8,0.898220,8
2024,Bahrain,7,0.490990,7
2024,Bahrain,7,0.610786,7
2024,Bahrain,6,0.154303,6
2024,Bahrain,6,0.579771,6
2024,Bahrain,5,0.158114,5
2024,Bahrain,5,0.223607,5
2024,Belgian,14,0.470203,14
2024,Belgian,14,0.523184,14
2024,Belgian,14,0.687303,14
2024,Belgian,14,0.830952,14
2024,Belgian,12,0.017575,12
2024,Belgian,12,0.052725,12
2024,Belgian,12,0.175439,12
2024,Belgian,12,0.342657,12
2024,Belgian,12,0.676008,12
2024,Belgian,11,-0.146120,11
2024,Belgian,11,-0.054795,11
2024,Belgian,11,0.041096,11
2024,Belgian,11,0.195900,11
2024,Belgian,11,0.254545,11
2024,Belgian,11,0.385337,11
2024,Belgian,11,0.545455,11
2024,Belgian,11,0.563636,11
2024,Belgian,11,0.738043,11
2024,Belgian,10,0.272727,10
2024,Belgian,10,0.454545,10
2024,Belgian,9,-0.008404,9
2024,Belgian,9,0.384742,9
2024,Belgian,9,0.581388,9
2024,Belgian,8,-0.216883,8
2024,Belgian,8,0.109109,8
2024,Belgian,8,0.448559,8
2024,Belgian,7,0.498012,7
2024,Belgian,7,0.571429,7
2024,Belgian,6,0.617914,6
2024,Belgian,6,0.706188,6
2024,British,17,-0.191383,17
2024,British,16,-0.292598,16
2024,British,16,-0.070333,16
2024,British,16,0.112533,16
2024,British,16,0.149302,16
2024,British,16,0.209436,16
2024,British,15,0.083740,15
2024,British,14,-0.274319,14
2024,British,14,0.115742,14
2024,British,14,0.352358,14
2024,British,11,0.356753,11
2024,British,9,0.000000,9
2024,Canadian,10,-0.393893,10
2024,Canadian,10,0.184637,10
2024,Canadian,9,-0.512989,9
2024,Canadian,8,0.110481,8
2024,Canadian,8,0.220896,8
2024,Canadian,7,0.299392,7
2024,Canadian,7,0.630656,7
2024,Canadian,7,0.954994,7
2024,Canadian,6,-0.753702,6
2024,Canadian,6,0.898645,6
2024,Canadian,5,0.153897,5
2024,Chinese,16,0.000000,16
2024,Chinese,15,-0.044305,15
2024,Chinese,15,0.461069,15
2024,Chinese,15,0.644340,15
2024,Chinese,14,-0.021402,14
2024,Chinese,13,-0.421685,13
2024,Chinese,13,0.058584,13
2024,Chinese,13,0.113039,13
2024,Chinese,13,0.464137,13
2024,Chinese,13,0.624899,13
2024,Chinese,13,0.679947,13
2024,Chinese,13,0.713663,13
2024,Chinese,12,-0.253790,12
2024,Chinese,12,0.101707,12
2024,Chinese,12,0.324483,12
2024,Chinese,11,0.212999,11
2024,Chinese,11,0.609157,11
2024,Chinese,11,0.795361,11
2024,Chinese,10,0.282300,10
2024,Chinese,10,0.605316,10
2024,Chinese,10,0.742387,10
2024,Chinese,10,0.784085,10
2024,Chinese,9,0.203419,9
2024,Chinese,9,0.219089,9
2024,Chinese,9,0.358492,9
2024,Chinese,9,0.491596,9
2024,Chinese,9,0.727825,9
2024,Chinese,9,0.876794,9
2024,Chinese,7,0.036037,7
2024,Chinese,6,-0.028571,6
2024,Chinese,5,-0.300000,5
2024,Dutch,16,0.079646,16
2024,Dutch,16,0.650958,16
2024,Dutch,16,0.656831,16
2024,Dutch,16,0.762194,16
2024,Dutch,16,0.837527,16
2024,Dutch,15,0.270855,15
2024,Dutch,15,0.289544,15
2024,Dutch,15,0.307006,15
2024,Dutch,15,0.362009,15
2024,Dutch,15,0.393183,15
2024,Dutch,15,0.477639,15
2024,Dutch,15,0.545618,15
2024,Dutch,15,0.579378,15
2024,Dutch,15,0.626580,15
2024,Dutch,15,0.663092,15
2024,Dutch,15,0.721734,15
2024,Dutch,14,0.242291,14
2024,Dutch,14,0.407490,14
2024,Dutch,14,0.455762,14
2024,Dutch,14,0.479648,14
2024,Dutch,14,0.569106,14
2024,Dutch,14,0.576458,14
2024,Dutch,14,0.592512,14
2024,Dutch,14,0.595604,14
2024,Dutch,14,0.633664,14
2024,Dutch,14,0.649734,14
2024,Dutch,14,0.677668,14
2024,Dutch,14,0.711666,14
2024,Dutch,14,0.718668,14
2024,Dutch,14,0.731503,14
2024,Dutch,14,0.756734,14
2024,Dutch,14,0.763880,14
2024,Dutch,14,0.768068,14
2024,Dutch,14,0.800004,14
2024,Dutch,14,0.903086,14
2024,Dutch,14,0.905289,14
2024,Dutch,13,0.107438,13
2024,Dutch,13,0.517908,13
2024,Dutch,13,0.527608,13
2024,Dutch,13,0.577717,13
2024,Dutch,13,0.742779,13
2024,Dutch,12,0.059131,12
2024,Dutch,12,0.475524,12
2024,Dutch,12,0.479861,12
2024,Dutch,12,0.650444,12
2024,Dutch,12,0.671329,12
2024,Dutch,12,0.752674,12
2024,Dutch,12,0.760071,12
2024,Dutch,11,0.213143,11
2024,Dutch,11,0.673871,11
2024,Dutch,11,0.674261,11
2024,Dutch,11,0.786245,11
2024,Dutch,11,0.820048,11
2024,Dutch,10,0.460157,10
2024,Dutch,9,0.627209,9
2024,Dutch,7,0.071429,7
2024,Emilia Romagna,17,0.303068,17
2024,Emilia Romagna,16,0.204713,16
2024,Emilia Romagna,16,0.460636,16
2024,Emilia Romagna,16,0.555229,16
2024,Emilia Romagna,16,0.588771,16
2024,Emilia Romagna,16,0.669869,16
2024,Emilia Romagna,16,0.674522,16
2024,Emilia Romagna,16,0.694693,16
2024,Emilia Romagna,16,0.759588,16
2024,Emilia Romagna,16,0.782033,16
2024,Emilia Romagna,15,-0.087735,15
2024,Emilia Romagna,15,0.033989,15
2024,Emilia Romagna,15,0.104876,15
2024,Emilia Romagna,15,0.346775,15
2024,Emilia Romagna,15,0.491552,15
2024,Emilia Romagna,15,0.524621,15
2024,Emilia Romagna,15,0.558140,15
2024,Emilia Romagna,15,0.565296,15
2024,Emilia Romagna,15,0.579607,15
2024,Emilia Romagna,15,0.635633,15
2024,Emilia Romagna,15,0.660108,15
2024,Emilia Romagna,15,0.674420,15
2024,Emilia Romagna,15,0.676891,15
2024,Emilia Romagna,15,0.716204,15
2024,Emilia Romagna,14,0.265656,14
2024,Emilia Romagna,14,0.299680,14
2024,Emilia Romagna,14,0.328195,14
2024,Emilia Romagna,14,0.475950,14
2024,Emilia Romagna,14,0.530838,14
2024,Emilia Romagna,14,0.656389,14
2024,Emilia Romagna,14,0.694601,14
2024,Emilia Romagna,14,0.711455,14
2024,Emilia Romagna,14,0.810575,14
2024,Emilia Romagna,13,0.391186,13
2024,Emilia Romagna,13,0.606669,13
2024,Emilia Romagna,13,0.776709,13
2024,Emilia Romagna,13,0.862262,13
2024,Emilia Romagna,12,0.382458,12
2024,Emilia Romagna,12,0.425918,12
2024,Emilia Romagna,12,0.578951,12
2024,Emilia Romagna,12,0.582460,12
2024,Emilia Romagna,12,0.601063,12
2024,Emilia Romagna,11,-0.105292,11
2024,Emilia Romagna,11,0.114416,11
2024,Emilia Romagna,11,0.128149,11
2024,Emilia Romagna,11,0.382410,11
2024,Emilia Romagna,11,0.409989,11
2024,Emilia Romagna,11,0.568579,11
2024,Emilia Romagna,11,0.735083,11
2024,Emilia Romagna,10,0.332486,10
2024,Emilia Romagna,10,0.623741,10
2024,Emilia Romagna,9,0.574456,9
2024,Emilia Romagna,8,0.479051,8
2024,Hungarian,17,0.598529,17
2024,Hungarian,16,0.585374,16
2024,Hungarian,16,0.592765,16
2024,Hungarian,16,0.693283,16
2024,Hungarian,15,0.495967,15
2024,Hungarian,15,0.515733,15
2024,Hungarian,15,0.569643,15
2024,Hungarian,15,0.600192,15
2024,Hungarian,15,0.700822,15
2024,Hungarian,14,0.311954,14
2024,Hungarian,14,0.438063,14
2024,Hungarian,14,0.460187,14
2024,Hungarian,14,0.469037,14
2024,Hungarian,14,0.539835,14
2024,Hungarian,14,0.772634,14
2024,Hungarian,13,0.217933,13
2024,Hungarian,13,0.255213,13
2024,Hungarian,13,0.493092,13
2024,Hungarian,13,0.510349,13
2024,Hungarian,13,0.512483,13
2024,Hungarian,13,0.548495,13
2024,Hungarian,13,0.662075,13
2024,Hungarian,13,0.847675,13
2024,Hungarian,12,0.000000,12
2024,Hungarian,12,0.376770,12
2024,Hungarian,12,0.524661,12
2024,Hungarian,12,0.531050,12
2024,Hungarian,12,0.597207,12
2024,Hungarian,12,0.727602,12
2024,Hungarian,12,0.766267,12
2024,Hungarian,11,0.000000,11
2024,Hungarian,11,0.104093,11
2024,Hungarian,11,0.109843,11
2024,Hungarian,11,0.148704,11
2024,Hungarian,11,0.332107,11
2024,Hungarian,11,0.519575,11
2024,Hungarian,11,0.565077,11
2024,Hungarian,11,0.584481,11
2024,Hungarian,11,0.634710,11
2024,Hungarian,11,0.704822,11
2024,Hungarian,11,0.769934,11
2024,Hungarian,11,0.780830,11
2024,Hungarian,11,0.849324,11
2024,Hungarian,10,-0.436985,10
2024,Hungarian,10,-0.232148,10
2024,Hungarian,10,0.374697,10
2024,Hungarian,10,0.524781,10
2024,Hungarian,10,0.603148,10
2024,Hungarian,10,0.648345,10
2024,Hungarian,10,0.747042,10
2024,Hungarian,10,0.789024,10
2024,Hungarian,10,0.899120,10
2024,Hungarian,9,-0.228218,9
2024,Hungarian,9,0.536292,9
2024,Hungarian,9,0.655779,9
2024,Hungarian,9,0.899191,9
2024,Hungarian,9,0.919905,9
2024,Hungarian,9,0.924402,9
2024,Hungarian,8,-0.107786,8
2024,Hungarian,8,0.123542,8
2024,Hungarian,6,0.169031,6
2024,Hungarian,6,0.338062,6
2024,Hungarian,6,0.753702,6
2024,Hungarian,5,0.894427,5
2024,Hungarian,5,0.894427,5
2024,Italian,19,0.385396,19
2024,Italian,18,0.311273,18
2024,Italian,17,0.111863,17
2024,Italian,17,0.361403,17
2024,Italian,16,0.361626,16
2024,Italian,16,0.523989,16
2024,Italian,16,0.699559,16
2024,Italian,15,0.406083,15
2024,Italian,15,0.651123,15
2024,Italian,15,0.709166,15
2024,Italian,15,0.806799,15
2024,Italian,14,0.539235,14
2024,Italian,13,0.341599,13
2024,Italian,13,0.377934,13
2024,Italian,13,0.468970,13
2024,Italian,13,0.593109,13
2024,Italian,12,0.078693,12
2024,Italian,12,0.211467,12
2024,Italian,12,0.259195,12
2024,Italian,12,0.347984,12
2024,Italian,12,0.396494,12
2024,Italian,12,0.451840,12
2024,Italian,11,0.118182,11
2024,Italian,11,0.238535,11
2024,Italian,11,0.351602,11
2024,Italian,11,0.450604,11
2024,Italian,11,0.493151,11
2024,Italian,11,0.744877,11
2024,Italian,10,-0.119582,10
2024,Italian,10,0.091186,10
2024,Italian,10,0.439033,10
2024,Italian,10,0.518302,10
2024,Italian,10,0.534957,10
2024,Italian,9,-0.119176,9
2024,Italian,9,0.008476,9
2024,Italian,9,0.092051,9
2024,Italian,9,0.605530,9
2024,Italian,9,0.878669,9
2024,Italian,8,0.109109,8
2024,Italian,8,0.530159,8
2024,Italian,7,-0.036037,7
2024,Italian,7,0.200033,7
2024,Italian,6,-0.169031,6
2024,Italian,6,0.169031,6
2024,Italian,5,-0.223607,5
2024,Japanese,14,0.515587,14
2024,Japanese,14,0.569564,14
2024,Japanese,13,0.156669,13
2024,Japanese,13,0.210828,13
2024,Japanese,13,0.212019,13
2024,Japanese,13,0.269083,13
2024,Japanese,13,0.306005,13
2024,Japanese,13,0.324068,13
2024,Japanese,13,0.384518,13
2024,Japanese,12,0.229286,12
2024,Japanese,12,0.229695,12
2024,Japanese,12,0.255030,12
2024,Japanese,12,0.295086,12
2024,Japanese,12,0.520566,12
2024,Japanese,12,0.522998,12
2024,Japanese,12,0.694060,12
2024,Japanese,11,0.342469,11
2024,Japanese,11,0.537967,11
2024,Japanese,11,0.630144,11
2024,Japanese,11,0.662107,11
2024,Japanese,11,0.792702,11
2024,Japanese,10,0.373785,10
2024,Japanese,10,0.613985,10
2024,Japanese,9,0.833459,9
2024,Japanese,8,0.000000,8
2024,Japanese,8,0.368271,8
2024,Japanese,8,0.370337,8
2024,Japanese,8,0.658694,8
2024,Japanese,8,0.731925,8
2024,Japanese,7,-0.059761,7
2024,Japanese,7,0.267261,7
2024,Japanese,7,0.378394,7
2024,Japanese,7,0.504525,7
2024,Japanese,7,0.555937,7
2024,Japanese,7,0.774806,7
2024,Japanese,6,0.294245,6
2024,Japanese,6,0.441367,6
2024,Japanese,6,0.845154,6
2024,Japanese,6,0.912159,6
2024,Japanese,5,0.666886,5
2024,Japanese,5,0.782624,5
2024,Japanese,5,0.872082,5
2024,Las Vegas,13,0.036524,13
2024,Las Vegas,13,0.558460,13
2024,Las Vegas,13,0.576557,13
2024,Las Vegas,13,0.777938,13
2024,Las Vegas,12,0.028630,12
2024,Las Vegas,12,0.406305,12
2024,Las Vegas,12,0.511384,12
2024,Las Vegas,12,0.619966,12
2024,Las Vegas,12,0.640982,12
2024,Las Vegas,11,-0.445171,11
2024,Las Vegas,11,0.193116,11
2024,Las Vegas,11,0.276524,11
2024,Las Vegas,11,0.809091,11
2024,Las Vegas,11,0.845455,11
2024,Las Vegas,11,0.909091,11
2024,Las Vegas,11,0.970390,11
2024,Las Vegas,10,0.182930,10
2024,Las Vegas,10,0.250005,10
2024,Las Vegas,10,0.256102,10
2024,Las Vegas,10,0.358664,10
2024,Las Vegas,10,0.414642,10
2024,Las Vegas,10,0.547115,10
2024,Las Vegas,10,0.650308,10
2024,Las Vegas,10,0.830303,10
2024,Las Vegas,9,-0.058826,9
2024,Las Vegas,9,0.801752,9
2024,Las Vegas,9,0.825719,9
2024,Las Vegas,8,-0.506408,8
2024,Las Vegas,8,0.240981,8
2024,Las Vegas,8,0.289178,8
2024,Las Vegas,8,0.341565,8
2024,Las Vegas,7,0.093560,7
2024,Las Vegas,7,0.944911,7
2024,Las Vegas,6,-0.740656,6
2024,Las Vegas,6,-0.246885,6
2024,Las Vegas,6,-0.169031,6
2024,Las Vegas,6,0.338062,6
2024,Las Vegas,6,0.500216,6
2024,Las Vegas,6,0.985611,6
2024,Las Vegas,6,0.985611,6
2024,Las Vegas,5,-0.670820,5
2024,Las Vegas,5,-0.447214,5
2024,Mexico City,16,0.458704,16
2024,Mexico City,15,0.037601,15
2024,Mexico City,15,0.374554,15
2024,Mexico City,15,0.562728,15
2024,Mexico City,14,-0.134362,14
2024,Mexico City,14,-0.048512,14
2024,Mexico City,14,0.048566,14
2024,Mexico City,14,0.260200,14
2024,Mexico City,14,0.286979,14
2024,Mexico City,14,0.317532,14
2024,Mexico City,14,0.343613,14
2024,Mexico City,14,0.445427,14
2024,Mexico City,14,0.574662,14
2024,Mexico City,14,0.593168,14
2024,Mexico City,14,0.646090,14
2024,Mexico City,14,0.780600,14
2024,Mexico City,13,-0.148761,13
2024,Mexico City,13,-0.104298,13
2024,Mexico City,13,0.170800,13
2024,Mexico City,13,0.187329,13
2024,Mexico City,13,0.257931,13
2024,Mexico City,13,0.308541,13
2024,Mexico City,13,0.402205,13
2024,Mexico City,13,0.414371,13
2024,Mexico City,13,0.441383,13
2024,Mexico City,13,0.480670,13
2024,Mexico City,13,0.510426,13
2024,Mexico City,13,0.522107,13
2024,Mexico City,13,0.584024,13
2024,Mexico City,12,-0.007018,12
2024,Mexico City,12,0.146863,12
2024,Mexico City,12,0.405096,12
2024,Mexico City,12,0.552831,12
2024,Mexico City,11,-0.114156,11
2024,Mexico City,11,0.202260,11
2024,Mexico City,11,0.261116,11
2024,Mexico City,11,0.315072,11
2024,Mexico City,11,0.327220,11
2024,Mexico City,11,0.329527,11
2024,Mexico City,11,0.471163,11
2024,Mexico City,11,0.691092,11
2024,Mexico City,10,0.391454,10
2024,Mexico City,9,0.091287,9
2024,Mexico City,9,0.306452,9
2024,Mexico City,8,-0.109109,8
2024,Mexico City,8,0.012684,8
2024,Mexico City,7,0.486506,7
2024,Mexico City,6,-0.347863,6
2024,Miami,14,0.260430,14
2024,Miami,14,0.667796,14
2024,Miami,12,-0.056440,12
2024,Miami,12,0.105264,12
2024,Miami,12,0.378602,12
2024,Miami,11,-0.447493,11
2024,Miami,11,-0.049568,11
2024,Miami,11,0.004566,11
2024,Miami,11,0.242012,11
2024,Miami,11,0.334104,11
2024,Miami,11,0.544635,11
2024,Miami,11,0.649343,11
2024,Miami,10,-0.491608,10
2024,Miami,10,-0.348625,10
2024,Miami,10,0.073172,10
2024,Miami,10,0.092319,10
2024,Miami,10,0.146344,10
2024,Miami,10,0.158055,10
2024,Miami,10,0.207321,10
2024,Miami,10,0.268298,10
2024,Miami,10,0.350463,10
2024,Miami,10,0.396349,10
2024,Miami,10,0.633817,10
2024,Miami,9,-0.311703,9
2024,Miami,9,-0.042018,9
2024,Miami,9,0.125524,9
2024,Miami,9,0.703005,9
2024,Miami,7,0.018019,7
2024,Miami,7,0.036037,7
2024,Miami,6,0.314286,6
2024,Monaco,13,-0.154850,13
2024,Monaco,12,0.151492,12
2024,Monaco,11,0.305788,11
2024,Monaco,11,0.361850,11
2024,Monaco,11,0.664568,11
2024,Monaco,10,0.101365,10
2024,Monaco,10,0.272475,10
2024,Monaco,10,0.454124,10
2024,Monaco,10,0.564412,10
2024,Monaco,10,0.627198,10
2024,Monaco,9,-0.230531,9
2024,Monaco,9,-0.199205,9
2024,Monaco,9,-0.008867,9
2024,Monaco,9,0.328064,9
2024,Monaco,9,0.504608,9
2024,Monaco,9,0.568831,9
2024,Monaco,9,0.633054,9
2024,Monaco,9,0.753660,9
2024,Monaco,8,-0.208656,8
2024,Monaco,8,-0.143451,8
2024,Monaco,8,0.027493,8
2024,Monaco,8,0.096225,8
2024,Monaco,8,0.456435,8
2024,Monaco,8,0.482517,8
2024,Monaco,8,0.801002,8
2024,Monaco,7,-0.059761,7
2024,Monaco,7,0.347183,7
2024,Monaco,7,0.501486,7
2024,Monaco,6,0.308607,6
2024,Monaco,5,0.223607,5
2024,Qatar,12,-0.313029,12
2024,Qatar,12,-0.303822,12
2024,Qatar,12,-0.295656,12
2024,Qatar,12,-0.183901,12
2024,Qatar,12,-0.174928,12
2024,Qatar,12,-0.123661,12
2024,Qatar,11,-0.039762,11
2024,Qatar,10,-0.726599,10
2024,Qatar,10,-0.661724,10
2024,Qatar,10,-0.527321,10
2024,Qatar,10,-0.329006,10
2024,Qatar,10,-0.211665,10
2024,Qatar,9,-0.743151,9
2024,Qatar,9,-0.467910,9
2024,Qatar,9,0.412514,9
2024,Qatar,8,-0.109109,8
2024,Qatar,7,0.298807,7
2024,Qatar,6,0.462910,6
2024,Qatar,5,0.447214,5
2024,Qatar,5,0.894427,5
2024,Saudi Arabian,16,0.230040,16
2024,Saudi Arabian,16,0.387346,16
2024,Saudi Arabian,15,0.443707,15
2024,Saudi Arabian,14,0.404577,14
2024,Saudi Arabian,14,0.467945,14
2024,Saudi Arabian,13,-0.065812,13
2024,Saudi Arabian,13,0.238485,13
2024,Saudi Arabian,13,0.285554,13
2024,Saudi Arabian,13,0.514527,13
2024,Saudi Arabian,12,-0.041708,12
2024,Saudi Arabian,12,0.108454,12
2024,Saudi Arabian,11,-0.550419,11
2024,Saudi Arabian,11,-0.453586,11
2024,Saudi Arabian,11,-0.270113,11
2024,Saudi Arabian,11,-0.255841,11
2024,Saudi Arabian,11,-0.147798,11
2024,Saudi Arabian,11,0.443582,11
2024,Saudi Arabian,10,-0.495819,10
2024,Saudi Arabian,10,-0.268010,10
2024,Saudi Arabian,10,-0.247909,10
2024,Saudi Arabian,10,-0.201008,10
2024,Saudi Arabian,10,-0.038925,10
2024,Saudi Arabian,10,0.060302,10
2024,Saudi Arabian,9,-0.409946,9
2024,Saudi Arabian,9,-0.335410,9
2024,Saudi Arabian,9,-0.316776,9
2024,Saudi Arabian,9,-0.273861,9
2024,Saudi Arabian,9,-0.059409,9
2024,Saudi Arabian,9,0.357813,9
2024,Saudi Arabian,8,-0.312984,8
2024,Saudi Arabian,8,-0.273861,8
2024,Saudi Arabian,7,0.231455,7
2024,Saudi Arabian,7,0.278887,7
2024,Saudi Arabian,6,-0.401189,6
2024,Saudi Arabian,6,-0.185164,6
2024,Saudi Arabian,6,-0.154303,6
2024,Singapore,16,0.074435,16
2024,Singapore,16,0.505576,16
2024,Singapore,15,0.265474,15
2024,Singapore,15,0.412560,15
2024,Singapore,15,0.426265,15
2024,Singapore,15,0.679827,15
2024,Singapore,15,0.746655,15
2024,Singapore,14,-0.058105,14
2024,Singapore,14,0.003058,14
2024,Singapore,14,0.421927,14
2024,Singapore,14,0.522946,14
2024,Singapore,14,0.535244,14
2024,Singapore,14,0.559643,14
2024,Singapore,14,0.608574,14
2024,Singapore,14,0.609449,14
2024,Singapore,14,0.632054,14
2024,Singapore,14,0.705281,14
2024,Singapore,13,-0.034943,13
2024,Singapore,13,0.376219,13
2024,Singapore,13,0.388431,13
2024,Singapore,13,0.471464,13
2024,Singapore,13,0.523418,13
2024,Singapore,13,0.576557,13
2024,Singapore,13,0.655650,13
2024,Singapore,13,0.719011,13
2024,Singapore,13,0.801656,13
2024,Singapore,13,0.833436,13
2024,Singapore,12,-0.284905,12
2024,Singapore,12,0.253527,12
2024,Singapore,12,0.430352,12
2024,Singapore,12,0.469154,12
2024,Singapore,12,0.476209,12
2024,Singapore,12,0.514021,12
2024,Singapore,12,0.522810,12
2024,Singapore,12,0.577934,12
2024,Singapore,12,0.611091,12
2024,Singapore,12,0.673688,12
2024,Singapore,12,0.737242,12
2024,Singapore,12,0.779497,12
2024,Singapore,12,0.856146,12
2024,Singapore,11,0.013484,11
2024,Singapore,11,0.583922,11
2024,Singapore,11,0.607312,11
2024,Singapore,11,0.829512,11
2024,Singapore,10,0.726932,10
2024,Singapore,9,0.818165,9
2024,Singapore,9,0.821822,9
2024,Singapore,6,0.828571,6
2024,Spanish,18,0.279926,18
2024,Spanish,18,0.688409,18
2024,Spanish,17,0.392101,17
2024,Spanish,17,0.404529,17
2024,Spanish,17,0.536468,17
2024,Spanish,17,0.606087,17
2024,Spanish,17,0.793849,17
2024,Spanish,16,0.230576,16
2024,Spanish,16,0.617139,16
2024,Spanish,16,0.670674,16
2024,Spanish,16,0.786666,16
2024,Spanish,15,0.228075,15
2024,Spanish,15,0.314673,15
2024,Spanish,15,0.544806,15
2024,Spanish,15,0.582859,15
2024,Spanish,15,0.603947,15
2024,Spanish,15,0.637285,15
2024,Spanish,15,0.667873,15
2024,Spanish,15,0.699464,15
2024,Spanish,15,0.714416,15
2024,Spanish,15,0.885511,15
2024,Spanish,14,-0.035320,14
2024,Spanish,14,0.305316,14
2024,Spanish,14,0.381743,14
2024,Spanish,14,0.417223,14
2024,Spanish,14,0.503851,14
2024,Spanish,14,0.577674,14
2024,Spanish,14,0.620315,14
2024,Spanish,14,0.701217,14
2024,Spanish,14,0.711613,14
2024,Spanish,14,0.802650,14
2024,Spanish,14,0.879828,14
2024,Spanish,13,0.264099,13
2024,Spanish,13,0.441383,13
2024,Spanish,13,0.565116,13
2024,Spanish,13,0.575760,13
2024,Spanish,12,0.416813,12
2024,Spanish,12,0.502643,12
2024,Spanish,12,0.512284,12
2024,Spanish,12,0.569428,12
2024,Spanish,12,0.592986,12
2024,Spanish,12,0.633976,12
2024,Spanish,12,0.807023,12
2024,Spanish,11,0.343258,11
2024,Spanish,11,0.853549,11
2024,Spanish,11,0.874162,11
2024,Spanish,11,0.901209,11
2024,Spanish,10,0.336406,10
2024,Spanish,10,0.650459,10
2024,Spanish,10,0.730080,10
2024,Spanish,9,0.834231,9
2024,Spanish,9,0.894427,9
2024,Spanish,9,0.919905,9
2024,Spanish,8,0.801002,8
2024,Spanish,8,0.951190,8
2024,United States,18,0.681491,18
2024,United States,18,0.703207,18
2024,United States,17,0.624081,17
2024,United States,17,0.763660,17
2024,United States,16,0.257092,16
2024,United States,16,0.481591,16
2024,United States,16,0.575224,16
2024,United States,16,0.747238,16
2024,United States,16,0.849561,16
2024,United States,15,0.077775,15
2024,United States,15,0.102151,15
2024,United States,15,0.431622,15
2024,United States,15,0.448032,15
2024,United States,15,0.470756,15
2024,United States,15,0.530589,15
2024,United States,15,0.581918,15
2024,United States,15,0.702513,15
2024,United States,14,0.092347,14
2024,United States,14,0.311261,14
2024,United States,14,0.341363,14
2024,United States,14,0.503316,14
2024,United States,14,0.538040,14
2024,United States,14,0.568912,14
2024,United States,14,0.843614,14
2024,United States,13,-0.379705,13
2024,United States,13,-0.330431,13
2024,United States,13,0.238926,13
2024,United States,13,0.369658,13
2024,United States,13,0.443229,13
2024,United States,12,-0.052912,12
2024,United States,12,0.578274,12
2024,United States,12,0.715958,12
2024,United States,11,-0.153661,11
2024,United States,11,0.095891,11
2024,United States,11,0.587701,11
2024,United States,11,0.786245,11
2024,United States,10,-0.103660,10
2024,United States,9,-0.529465,9
2025,Abu Dhabi,14,0.061742,14
2025,Abu Dhabi,14,0.172570,14
2025,Abu Dhabi,13,0.113104,13
2025,Abu Dhabi,13,0.389504,13
2025,Abu Dhabi,12,0.339225,12
2025,Abu Dhabi,12,0.389476,12
2025,Abu Dhabi,12,0.460463,12
2025,Abu Dhabi,12,0.691232,12
2025,Abu Dhabi,11,0.127855,11
2025,Abu Dhabi,11,0.223747,11
2025,Abu Dhabi,11,0.256299,11
2025,Abu Dhabi,11,0.311220,11
2025,Abu Dhabi,11,0.607312,11
2025,Abu Dhabi,11,0.639276,11
2025,Abu Dhabi,11,0.657541,11
2025,Abu Dhabi,11,0.718552,11
2025,Abu Dhabi,11,0.753433,11
2025,Abu Dhabi,11,0.833715,11
2025,Abu Dhabi,11,0.892470,11
2025,Abu Dhabi,10,-0.310981,10
2025,Abu Dhabi,10,-0.079270,10
2025,Abu Dhabi,10,-0.018237,10
2025,Abu Dhabi,10,0.006098,10
2025,Abu Dhabi,10,0.225614,10
2025,Abu Dhabi,10,0.268298,10
2025,Abu Dhabi,10,0.597572,10
2025,Abu Dhabi,10,0.772040,10
2025,Abu Dhabi,10,0.838910,10
2025,Abu Dhabi,9,-0.504219,9
2025,Abu Dhabi,9,0.041841,9
2025,Abu Dhabi,9,0.426782,9
2025,Abu Dhabi,9,0.834231,9
2025,Abu Dhabi,8,0.518875,8
2025,Abu Dhabi,8,0.564683,8
2025,Abu Dhabi,8,0.658694,8
2025,Abu Dhabi,8,0.718576,8
2025,Abu Dhabi,7,-0.093560,7
2025,Abu Dhabi,7,0.126131,7
2025,Abu Dhabi,7,0.128489,7
2025,Abu Dhabi,7,0.142857,7
2025,Abu Dhabi,7,0.278887,7
2025,Abu Dhabi,6,-0.338062,6
2025,Abu Dhabi,6,0.289886,6
2025,Abu Dhabi,6,0.740656,6
2025,Australian,5,-0.802955,5
2025,Austrian,15,0.815417,15
2025,Austrian,14,0.416301,14
2025,Austrian,14,0.604862,14
2025,Austrian,14,0.786346,14
2025,Austrian,14,0.790751,14
2025,Austrian,14,0.850222,14
2025,Austrian,14,0.884489,14
2025,Austrian,13,0.347589,13
2025,Austrian,13,0.545457,13
2025,Austrian,13,0.607979,13
2025,Austrian,13,0.650140,13
2025,Austrian,13,0.659316,13
2025,Austrian,13,0.764144,13
2025,Austrian,13,0.780696,13
2025,Austrian,13,0.786796,13
2025,Austrian,13,0.904835,13
2025,Austrian,13,0.932422,13
2025,Austrian,12,0.266200,12
2025,Austrian,12,0.388792,12
2025,Austrian,12,0.400709,12
2025,Austrian,12,0.552448,12
2025,Austrian,12,0.612961,12
2025,Austrian,12,0.650350,12
2025,Austrian,12,0.704029,12
2025,Austrian,12,0.753066,12
2025,Austrian,12,0.809108,12
2025,Austrian,12,0.814040,12
2025,Austrian,12,0.884216,12
2025,Austrian,11,0.378133,11
2025,Austrian,11,0.943055,11
2025,Austrian,11,0.972518,11
2025,Austrian,10,0.774405,10
2025,Austrian,10,0.809040,10
2025,Austrian,10,0.835381,10
2025,Austrian,10,0.847577,10
2025,Austrian,9,0.730297,9
2025,Austrian,9,0.783333,9
2025,Austrian,9,0.878669,9
2025,Austrian,9,0.941210,9
2025,Austrian,8,0.095810,8
2025,Austrian,8,0.608816,8
2025,Austrian,7,0.267261,7
2025,Austrian,7,0.571380,7
2025,Austrian,7,0.571429,7
2025,Austrian,7,0.866921,7
2025,Austrian,6,-0.371429,6
2025,Austrian,6,0.115954,6
2025,Austrian,6,0.507093,6
2025,Austrian,6,0.576818,6
2025,Austrian,6,0.927634,6
2025,Austrian,6,0.942857,6
2025,Austrian,5,0.900000,5
2025,Azerbaijan,14,0.000000,14
2025,Azerbaijan,14,0.151983,14
2025,Azerbaijan,14,0.329406,14
2025,Azerbaijan,14,0.420908,14
2025,Azerbaijan,13,0.171036,13
2025,Azerbaijan,13,0.234485,13
2025,Azerbaijan,13,0.294748,13
2025,Azerbaijan,13,0.499315,13
2025,Azerbaijan,13,0.550497,13
2025,Azerbaijan,12,-0.566655,12
2025,Azerbaijan,12,-0.381402,12
2025,Azerbaijan,12,-0.181278,12
2025,Azerbaijan,12,0.035088,12
2025,Azerbaijan,12,0.164223,12
2025,Azerbaijan,12,0.306051,12
2025,Azerbaijan,12,0.364274,12
2025,Azerbaijan,12,0.432343,12
2025,Azerbaijan,12,0.442888,12
2025,Azerbaijan,12,0.604638,12
2025,Azerbaijan,12,0.681908,12
2025,Azerbaijan,11,-0.373577,11
2025,Azerbaijan,11,-0.223316,11
2025,Azerbaijan,11,-0.167236,11
2025,Azerbaijan,11,-0.102353,11
2025,Azerbaijan,11,-0.068970,11
2025,Azerbaijan,11,0.173489,11
2025,Azerbaijan,11,0.319638,11
2025,Azerbaijan,11,0.594818,11
2025,Azerbaijan,10,-0.418511,10
2025,Azerbaijan,10,-0.355580,10
2025,Azerbaijan,10,0.194530,10
2025,Azerbaijan,9,0.118818,9
2025,Azerbaijan,9,0.476992,9
2025,Azerbaijan,8,0.735652,8
2025,Azerbaijan,7,0.512272,7
2025,Azerbaijan,7,0.650191,7
2025,Azerbaijan,7,0.889499,7
2025,Azerbaijan,6,0.540899,6
2025,Azerbaijan,6,0.758971,6
2025,Azerbaijan,5,0.782624,5
2025,Azerbaijan,5,0.894427,5
2025,Bahrain,11,-0.584194,11
2025,Bahrain,11,-0.228632,11
2025,Bahrain,11,-0.159483,11
2025,Bahrain,11,0.120271,11
2025,Bahrain,11,0.190429,11
2025,Bahrain,11,0.634710,11
2025,Bahrain,11,0.784437,11
2025,Bahrain,11,0.840191,11
2025,Bahrain,11,0.940649,11
2025,Bahrain,10,0.032781,10
2025,Bahrain,10,0.082633,10
2025,Bahrain,10,0.171358,10
2025,Bahrain,10,0.203240,10
2025,Bahrain,10,0.386812,10
2025,Bahrain,10,0.605530,10
2025,Bahrain,9,-0.368932,9
2025,Bahrain,9,-0.368932,9
2025,Bahrain,9,-0.228387,9
2025,Bahrain,9,-0.087841,9
2025,Bahrain,9,0.126055,9
2025,Bahrain,9,0.184102,9
2025,Bahrain,9,0.319197,9
2025,Bahrain,9,0.644357,9
2025,Bahrain,9,0.672293,9
2025,Bahrain,9,0.845196,9
2025,Bahrain,8,0.481963,8
2025,Bahrain,8,0.514979,8
2025,Bahrain,8,0.711991,8
2025,Bahrain,7,-0.243256,7
2025,Bahrain,7,-0.198206,7
2025,Bahrain,7,0.071429,7
2025,Bahrain,7,0.205832,7
2025,Bahrain,7,0.486513,7
2025,Bahrain,7,0.792825,7
2025,Bahrain,6,0.333947,6
2025,Bahrain,6,0.462910,6
2025,Bahrain,6,0.463817,6
2025,Bahrain,6,0.758971,6
2025,Bahrain,5,-0.447214,5
2025,Belgian,14,-0.051390,14
2025,Belgian,13,-0.178864,13
2025,Belgian,13,-0.175726,13
2025,Belgian,13,0.379693,13
2025,Belgian,12,-0.654815,12
2025,Belgian,12,-0.282911,12
2025,Belgian,12,-0.195542,12
2025,Belgian,12,-0.062562,12
2025,Belgian,12,0.024963,12
2025,Belgian,12,0.253988,12
2025,Belgian,12,0.402473,12
2025,Belgian,11,-0.737046,11
2025,Belgian,11,-0.589637,11
2025,Belgian,11,-0.568579,11
2025,Belgian,11,-0.515932,11
2025,Belgian,11,-0.421169,11
2025,Belgian,11,-0.348257,11
2025,Belgian,11,-0.284289,11
2025,Belgian,11,-0.136880,11
2025,Belgian,11,0.079524,11
2025,Belgian,11,0.213905,11
2025,Belgian,11,0.240542,11
2025,Belgian,11,0.330745,11
2025,Belgian,10,-0.633817,10
2025,Belgian,9,0.336650,9
2025,Belgian,9,0.703005,9
2025,Belgian,8,0.523580,8
2025,Belgian,7,0.336817,7
2025,Belgian,7,0.823329,7
2025,Belgian,5,0.670820,5
2025,British,12,0.042867,12
2025,British,11,-0.205196,11
2025,British,11,0.135243,11
2025,British,11,0.251831,11
2025,British,11,0.470652,11
2025,British,10,-0.156833,10
2025,British,10,0.086435,10
2025,British,10,0.164719,10
2025,Canadian,13,0.354089,13
2025,Canadian,13,0.501441,13
2025,Canadian,12,-0.071315,12
2025,Canadian,12,0.345250,12
2025,Canadian,12,0.359488,12
2025,Canadian,12,0.373912,12
2025,Canadian,12,0.677275,12
2025,Canadian,12,0.790374,12
2025,Canadian,12,0.797209,12
2025,Canadian,12,0.823688,12
2025,Canadian,12,0.851611,12
2025,Canadian,11,-0.539681,11
2025,Canadian,11,-0.013667,11
2025,Canadian,11,0.085812,11
2025,Canadian,11,0.400108,11
2025,Canadian,11,0.537530,11
2025,Canadian,10,-0.241475,10
2025,Canadian,10,-0.056277,10
2025,Canadian,10,-0.032424,10
2025,Canadian,10,0.158055,10
2025,Canadian,10,0.158866,10
2025,Canadian,10,0.260606,10
2025,Canadian,10,0.362677,10
2025,Canadian,10,0.374261,10
2025,Canadian,10,0.376901,10
2025,Canadian,10,0.443967,10
2025,Canadian,10,0.464226,10
2025,Canadian,10,0.534957,10
2025,Canadian,10,0.595137,10
2025,Canadian,10,0.620064,10
2025,Canadian,10,0.658549,10
2025,Canadian,10,0.715159,10
2025,Canadian,10,0.779200,10
2025,Canadian,9,-0.417786,9
2025,Canadian,9,-0.247717,9
2025,Canadian,9,0.200000,9
2025,Canadian,9,0.208893,9
2025,Canadian,9,0.220371,9
2025,Canadian,9,0.254274,9
2025,Canadian,9,0.263890,9
2025,Canadian,9,0.384941,9
2025,Canadian,9,0.557048,9
2025,Canadian,8,-0.196411,8
2025,Canadian,8,-0.164888,8
2025,Canadian,8,0.049103,8
2025,Canadian,8,0.306893,8
2025,Canadian,8,0.512348,8
2025,Canadian,8,0.561143,8
2025,Canadian,7,-0.216225,7
2025,Canadian,7,-0.115728,7
2025,Canadian,7,0.018019,7
2025,Canadian,7,0.115728,7
2025,Canadian,6,-0.314286,6
2025,Canadian,5,0.223607,5
2025,Chinese,18,0.083808,18
2025,Chinese,17,-0.141278,17
2025,Chinese,17,0.013514,17
2025,Chinese,17,0.126614,17
2025,Chinese,16,-0.078229,16
2025,Chinese,16,0.030997,16
2025,Chinese,16,0.184503,16
2025,Chinese,16,0.246496,16
2025,Chinese,16,0.246679,16
2025,Chinese,16,0.392623,16
2025,Chinese,16,0.456490,16
2025,Chinese,16,0.551625,16
2025,Chinese,15,0.143370,15
2025,Chinese,15,0.170252,15
2025,Chinese,15,0.177420,15
2025,Chinese,15,0.263680,15
2025,Chinese,15,0.275987,15
2025,Chinese,15,0.511216,15
2025,Chinese,14,-0.200441,14
2025,Chinese,14,-0.052922,14
2025,Chinese,14,0.094819,14
2025,Chinese,14,0.103639,14
2025,Chinese,14,0.330744,14
2025,Chinese,14,0.567964,14
2025,Chinese,13,0.024862,13
2025,Chinese,13,0.033150,13
2025,Chinese,13,0.453046,13
2025,Chinese,13,0.458571,13
2025,Chinese,13,0.469620,13
2025,Chinese,12,0.028120,12
2025,Chinese,12,0.350879,12
2025,Chinese,11,0.214614,11
2025,Chinese,11,0.287017,11
2025,Chinese,10,0.067074,10
2025,Chinese,9,-0.393309,9
2025,Chinese,9,0.233333,9
2025,Chinese,8,0.371264,8
2025,Chinese,8,0.659829,8
2025,Chinese,7,-0.486506,7
2025,Chinese,7,0.468487,7
2025,Chinese,5,0.153897,5
2025,Chinese,5,0.782624,5
2025,Dutch,12,0.265165,12
2025,Dutch,12,0.646568,12
2025,Dutch,11,-0.149108,11
2025,Dutch,11,-0.074554,11
2025,Dutch,11,-0.019881,11
2025,Dutch,11,0.014338,11
2025,Dutch,11,0.124257,11
2025,Dutch,11,0.526848,11
2025,Dutch,10,0.181650,10
2025,Dutch,9,-0.346825,9
2025,Dutch,9,-0.113668,9
2025,Dutch,9,0.091287,9
2025,Dutch,8,-0.076621,8
2025,Dutch,8,0.287430,8
2025,Dutch,8,0.319256,8
2025,Dutch,7,0.198206,7
2025,Dutch,7,0.630488,7
2025,Dutch,7,0.776899,7
2025,Dutch,6,-0.057977,6
2025,Dutch,5,0.359092,5
2025,Dutch,5,0.974679,5
2025,Emilia Romagna,16,-0.114908,16
2025,Emilia Romagna,16,-0.039336,16
2025,Emilia Romagna,14,0.065716,14
2025,Emilia Romagna,13,0.033555,13
2025,Emilia Romagna,13,0.288571,13
2025,Emilia Romagna,12,0.031192,12
2025,Emilia Romagna,12,0.037398,12
2025,Emilia Romagna,12,0.126899,12
2025,Emilia Romagna,12,0.283657,12
2025,Emilia Romagna,12,0.295443,12
2025,Emilia Romagna,11,-0.578122,11
2025,Emilia Romagna,11,-0.202260,11
2025,Emilia Romagna,11,0.063175,11
2025,Emilia Romagna,11,0.094435,11
2025,Emilia Romagna,11,0.208751,11
2025,Emilia Romagna,11,0.238573,11
2025,Emilia Romagna,11,0.332864,11
2025,Emilia Romagna,10,-0.436179,10
2025,Emilia Romagna,10,-0.068279,10
2025,Emilia Romagna,10,0.022370,10
2025,Emilia Romagna,10,0.052197,10
2025,Emilia Romagna,10,0.116775,10
2025,Emilia Romagna,10,0.123262,10
2025,Emilia Romagna,10,0.198009,10
2025,Emilia Romagna,10,0.233550,10
2025,Emilia Romagna,10,0.275897,10
2025,Emilia Romagna,9,0.396059,9
2025,Emilia Romagna,8,0.503304,8
2025,Emilia Romagna,8,0.756323,8
2025,Emilia Romagna,7,0.407687,7
2025,Emilia Romagna,7,0.555937,7
2025,Emilia Romagna,6,0.033806,6
2025,Emilia Romagna,6,0.463817,6
2025,Emilia Romagna,6,0.676123,6
2025,Hungarian,15,0.596778,15
2025,Hungarian,14,0.340715,14
2025,Hungarian,14,0.410600,14
2025,Hungarian,14,0.418966,14
2025,Hungarian,14,0.608420,14
2025,Hungarian,14,0.745318,14
2025,Hungarian,13,0.287697,13
2025,Hungarian,13,0.340732,13
2025,Hungarian,13,0.364646,13
2025,Hungarian,13,0.500704,13
2025,Hungarian,13,0.637141,13
2025,Hungarian,13,0.712718,13
2025,Hungarian,13,0.734818,13
2025,Hungarian,12,0.484214,12
2025,Hungarian,12,0.688938,12
2025,Hungarian,12,0.699482,12
2025,Hungarian,12,0.702997,12
2025,Hungarian,12,0.739455,12
2025,Hungarian,12,0.784599,12
2025,Hungarian,11,0.046250,11
2025,Hungarian,11,0.159819,11
2025,Hungarian,11,0.292240,11
2025,Hungarian,11,0.318907,11
2025,Hungarian,11,0.337967,11
2025,Hungarian,11,0.370718,11
2025,Hungarian,11,0.442927,11
2025,Hungarian,11,0.458124,11
2025,Hungarian,11,0.565555,11
2025,Hungarian,11,0.584481,11
2025,Hungarian,11,0.589047,11
2025,Hungarian,11,0.701864,11
2025,Hungarian,10,0.085367,10
2025,Hungarian,10,0.389249,10
2025,Hungarian,10,0.420740,10
2025,Hungarian,10,0.440565,10
2025,Hungarian,10,0.441149,10
2025,Hungarian,10,0.509241,10
2025,Hungarian,10,0.526959,10
2025,Hungarian,10,0.541036,10
2025,Hungarian,10,0.604204,10
2025,Hungarian,10,0.609767,10
2025,Hungarian,10,0.631949,10
2025,Hungarian,10,0.689037,10
2025,Hungarian,10,0.742387,10
2025,Hungarian,9,0.285724,9
2025,Hungarian,9,0.543938,9
2025,Hungarian,9,0.595880,9
2025,Hungarian,9,0.607600,9
2025,Hungarian,9,0.669462,9
2025,Hungarian,8,0.218218,8
2025,Hungarian,8,0.400066,8
2025,Hungarian,8,0.753444,8
2025,Hungarian,7,-0.018019,7
2025,Hungarian,7,0.267261,7
2025,Hungarian,7,0.679156,7
2025,Hungarian,7,0.818317,7
2025,Hungarian,6,0.338062,6
2025,Hungarian,6,0.698253,6
2025,Hungarian,5,0.447214,5
2025,Hungarian,5,0.447214,5
2025,Hungarian,5,0.894427,5
2025,Italian,15,0.837211,15
2025,Italian,14,0.649734,14
2025,Italian,14,0.744495,14
2025,Italian,13,-0.363353,13
2025,Italian,13,-0.003132,13
2025,Italian,13,0.127340,13
2025,Italian,13,0.633487,13
2025,Italian,13,0.647385,13
2025,Italian,12,0.123718,12
2025,Italian,12,0.514887,12
2025,Italian,12,0.584940,12
2025,Italian,12,0.603198,12
2025,Italian,12,0.692308,12
2025,Italian,12,0.706294,12
2025,Italian,11,-0.568579,11
2025,Italian,11,-0.422029,11
2025,Italian,11,-0.190693,11
2025,Italian,11,-0.115822,11
2025,Italian,11,0.645455,11
2025,Italian,11,0.675806,11
2025,Italian,10,-0.831656,10
2025,Italian,10,-0.683349,10
2025,Italian,10,-0.415199,10
2025,Italian,10,0.111850,10
2025,Italian,10,0.622799,10
2025,Italian,9,-0.223717,9
2025,Italian,9,0.730297,9
2025,Italian,9,0.730297,9
2025,Italian,9,0.730297,9
2025,Italian,8,0.545545,8
2025,Italian,8,0.802410,8
2025,Japanese,15,0.116384,15
2025,Japanese,15,0.116384,15
2025,Japanese,15,0.218443,15
2025,Japanese,15,0.291029,15
2025,Japanese,15,0.379590,15
2025,Japanese,14,0.257710,14
2025,Japanese,14,0.669605,14
2025,Japanese,14,0.740090,14
2025,Japanese,13,-0.144828,13
2025,Japanese,13,0.008369,13
2025,Japanese,13,0.077783,13
2025,Japanese,13,0.090909,13
2025,Japanese,13,0.110193,13
2025,Japanese,13,0.110193,13
2025,Japanese,13,0.176309,13
2025,Japanese,13,0.234079,13
2025,Japanese,13,0.338844,13
2025,Japanese,12,0.021394,12
2025,Japanese,12,0.330442,12
2025,Japanese,12,0.480705,12
2025,Japanese,12,0.498249,12
2025,Japanese,12,0.526319,12
2025,Japanese,11,0.305939,11
2025,Japanese,11,0.356168,11
2025,Japanese,11,0.369867,11
2025,Japanese,10,-0.142901,10
2025,Japanese,10,0.057018,10
2025,Japanese,10,0.072949,10
2025,Japanese,10,0.155700,10
2025,Japanese,10,0.181650,10
2025,Japanese,10,0.376987,10
2025,Japanese,10,0.389249,10
2025,Japanese,10,0.536595,10
2025,Japanese,9,-0.365148,9
2025,Japanese,9,-0.182574,9
2025,Japanese,9,0.068101,9
2025,Japanese,9,0.182574,9
2025,Japanese,8,-0.674748,8
2025,Japanese,8,0.409159,8
2025,Japanese,7,-0.163663,7
2025,Japanese,6,0.142857,6
2025,Las Vegas,15,-0.207887,15
2025,Las Vegas,15,0.103943,15
2025,Las Vegas,14,-0.423845,14
2025,Las Vegas,14,0.198677,14
2025,Las Vegas,14,0.281147,14
2025,Las Vegas,13,-0.502770,13
2025,Las Vegas,13,-0.464095,13
2025,Las Vegas,13,-0.386746,13
2025,Las Vegas,13,-0.372934,13
2025,Las Vegas,13,-0.240002,13
2025,Las Vegas,13,-0.118786,13
2025,Las Vegas,13,-0.102212,13
2025,Las Vegas,13,0.019337,13
2025,Las Vegas,13,0.074483,13
2025,Las Vegas,12,-0.249564,12
2025,Las Vegas,12,-0.087720,12
2025,Las Vegas,12,0.000000,12
2025,Las Vegas,11,-0.347834,11
2025,Las Vegas,11,-0.205955,11
2025,Las Vegas,11,0.528475,11
2025,Las Vegas,10,0.340427,10
2025,Las Vegas,10,0.498483,10
2025,Las Vegas,10,0.615865,10
2025,Las Vegas,10,0.749111,10
2025,Las Vegas,9,-0.445394,9
2025,Las Vegas,9,0.296683,9
2025,Las Vegas,9,0.319505,9
2025,Las Vegas,9,0.707177,9
2025,Las Vegas,8,0.015587,8
2025,Las Vegas,8,0.371154,8
2025,Las Vegas,8,0.405262,8
2025,Las Vegas,8,0.452023,8
2025,Las Vegas,8,0.456612,8
2025,Las Vegas,8,0.621499,8
2025,Las Vegas,8,0.659829,8
2025,Las Vegas,8,0.791040,8
2025,Las Vegas,7,0.099602,7
2025,Las Vegas,7,0.392857,7
2025,Las Vegas,7,0.579066,7
2025,Las Vegas,7,0.607143,7
2025,Las Vegas,7,0.648675,7
2025,Las Vegas,7,0.801784,7
2025,Las Vegas,6,-0.371868,6
2025,Las Vegas,6,-0.270449,6
2025,Mexico City,16,0.334023,16
2025,Mexico City,14,0.262405,14
2025,Mexico City,14,0.447632,14
2025,Mexico City,14,0.496144,14
2025,Mexico City,14,0.509374,14
2025,Mexico City,14,0.565326,14
2025,Mexico City,14,0.637269,14
2025,Mexico City,14,0.692396,14
2025,Mexico City,13,0.237903,13
2025,Mexico City,13,0.253444,13
2025,Mexico City,13,0.369812,13
2025,Mexico City,13,0.382922,13
2025,Mexico City,13,0.394486,13
2025,Mexico City,13,0.424831,13
2025,Mexico City,13,0.452418,13
2025,Mexico City,13,0.521384,13
2025,Mexico City,13,0.570250,13
2025,Mexico City,13,0.575760,13
2025,Mexico City,13,0.620695,13
2025,Mexico City,13,0.623454,13
2025,Mexico City,13,0.641876,13
2025,Mexico City,12,0.239019,12
2025,Mexico City,12,0.354459,12
2025,Mexico City,12,0.431582,12
2025,Mexico City,12,0.488583,12
2025,Mexico City,12,0.683013,12
2025,Mexico City,12,0.791595,12
2025,Mexico City,12,0.871373,12
2025,Mexico City,11,0.278542,11
2025,Mexico City,11,0.287017,11
2025,Mexico City,11,0.424662,11
2025,Mexico City,10,0.516984,10
2025,Mexico City,10,0.700649,10
2025,Mexico City,10,0.710100,10
2025,Mexico City,10,0.743902,10
2025,Mexico City,10,0.759882,10
2025,Mexico City,10,0.882299,10
2025,Mexico City,9,-0.159670,9
2025,Mexico City,8,-0.071858,8
2025,Mexico City,8,0.245495,8
2025,Mexico City,8,0.342914,8
2025,Mexico City,8,0.572822,8
2025,Mexico City,7,-0.333562,7
2025,Mexico City,7,0.535714,7
2025,Miami,14,-0.328345,14
2025,Miami,14,0.074391,14
2025,Miami,13,-0.516744,13
2025,Miami,13,-0.348313,13
2025,Miami,13,-0.329486,13
2025,Miami,13,-0.301244,13
2025,Miami,13,-0.047069,13
2025,Miami,13,-0.037656,13
2025,Miami,13,0.000000,13
2025,Miami,13,0.385969,13
2025,Miami,13,0.498935,13
2025,Miami,12,-0.366120,12
2025,Miami,12,-0.203863,12
2025,Miami,12,-0.195542,12
2025,Miami,12,-0.087587,12
2025,Miami,12,0.054086,12
2025,Miami,12,0.058246,12
2025,Miami,12,0.183579,12
2025,Miami,11,-0.613162,11
2025,Miami,11,0.080904,11
2025,Miami,11,0.270295,11
2025,Miami,9,0.513783,9
2025,Miami,6,-0.277746,6
2025,Monaco,12,0.189475,12
2025,Monaco,12,0.429588,12
2025,Monaco,11,-0.082572,11
2025,Monaco,11,0.000000,11
2025,Monaco,11,0.041002,11
2025,Monaco,11,0.059226,11
2025,Monaco,11,0.155253,11
2025,Monaco,11,0.238542,11
2025,Monaco,11,0.251144,11
2025,Monaco,11,0.300684,11
2025,Monaco,11,0.318182,11
2025,Monaco,11,0.336364,11
2025,Monaco,11,0.394512,11
2025,Monaco,11,0.549212,11
2025,Monaco,10,-0.382980,10
2025,Monaco,10,-0.382980,10
2025,Monaco,10,-0.237809,10
2025,Monaco,10,0.018182,10
2025,Monaco,10,0.128844,10
2025,Monaco,10,0.187879,10
2025,Monaco,10,0.224242,10
2025,Monaco,10,0.381818,10
2025,Monaco,10,0.560986,10
2025,Monaco,10,0.587879,10
2025,Monaco,10,0.621963,10
2025,Monaco,10,0.634158,10
2025,Monaco,9,-0.344550,9
2025,Monaco,9,-0.233333,9
2025,Monaco,9,0.000000,9
2025,Monaco,9,0.016667,9
2025,Monaco,9,0.033333,9
2025,Monaco,9,0.075314,9
2025,Monaco,9,0.209207,9
2025,Monaco,9,0.233333,9
2025,Monaco,9,0.266667,9
2025,Monaco,9,0.288347,9
2025,Monaco,9,0.435150,9
2025,Monaco,9,0.468623,9
2025,Monaco,9,0.543938,9
2025,Monaco,9,0.635989,9
2025,Monaco,8,-0.419169,8
2025,Monaco,8,-0.296153,8
2025,Monaco,8,-0.238095,8
2025,Monaco,8,-0.143715,8
2025,Monaco,8,-0.119048,8
2025,Monaco,8,0.095810,8
2025,Monaco,8,0.190476,8
2025,Monaco,8,0.218218,8
2025,Monaco,8,0.239525,8
2025,Monaco,8,0.261905,8
2025,Monaco,8,0.732589,8
2025,Monaco,8,0.833333,8
2025,Monaco,7,-0.090094,7
2025,Monaco,7,-0.071429,7
2025,Monaco,7,0.035714,7
2025,Monaco,7,0.216730,7
2025,Monaco,7,0.370625,7
2025,Monaco,7,0.594619,7
2025,Monaco,6,-0.115954,6
2025,Monaco,6,0.550782,6
2025,Monaco,6,0.698253,6
2025,Monaco,5,0.500000,5
2025,Qatar,13,-0.297244,13
2025,Qatar,13,0.412426,13
2025,Qatar,13,0.445521,13
2025,Qatar,12,-0.400396,12
2025,Qatar,12,-0.400396,12
2025,Qatar,12,0.236525,12
2025,Qatar,12,0.295656,12
2025,Qatar,12,0.295656,12
2025,Qatar,12,0.487983,12
2025,Qatar,11,-0.435194,11
2025,Qatar,10,0.544949,10
2025,Qatar,9,-0.715626,9
2025,Qatar,9,-0.468131,9
2025,Qatar,9,-0.169324,9
2025,Qatar,8,-0.732589,8
2025,Qatar,8,0.405262,8
2025,Qatar,7,0.534522,7
2025,Qatar,6,0.507093,6
2025,Saudi Arabian,16,0.523289,16
2025,Saudi Arabian,15,0.043128,15
2025,Saudi Arabian,15,0.256968,15
2025,Saudi Arabian,15,0.289573,15
2025,Saudi Arabian,15,0.436272,15
2025,Saudi Arabian,14,0.189847,14
2025,Saudi Arabian,14,0.524348,14
2025,Saudi Arabian,13,-0.038783,13
2025,Saudi Arabian,13,0.113577,13
2025,Saudi Arabian,13,0.198898,13
2025,Saudi Arabian,13,0.252086,13
2025,Saudi Arabian,13,0.504173,13
2025,Saudi Arabian,12,-0.088344,12
2025,Saudi Arabian,12,-0.070300,12
2025,Saudi Arabian,12,-0.057052,12
2025,Saudi Arabian,12,0.426824,12
2025,Saudi Arabian,11,-0.198176,11
2025,Saudi Arabian,11,-0.067420,11
2025,Saudi Arabian,11,-0.027915,11
2025,Saudi Arabian,11,0.009196,11
2025,Saudi Arabian,11,0.013730,11
2025,Saudi Arabian,11,0.054921,11
2025,Saudi Arabian,10,-0.264647,10
2025,Saudi Arabian,10,-0.209256,10
2025,Saudi Arabian,10,-0.114416,10
2025,Saudi Arabian,10,-0.077850,10
2025,Saudi Arabian,10,0.036699,10
2025,Saudi Arabian,10,0.077850,10
2025,Saudi Arabian,10,0.117304,10
2025,Saudi Arabian,10,0.142331,10
2025,Saudi Arabian,10,0.228434,10
2025,Saudi Arabian,9,-0.220371,9
2025,Saudi Arabian,9,-0.182574,9
2025,Saudi Arabian,9,-0.182574,9
2025,Saudi Arabian,9,0.358569,9
2025,Saudi Arabian,8,-0.523810,8
2025,Saudi Arabian,8,0.218218,8
2025,Saudi Arabian,7,0.133631,7
2025,Saudi Arabian,6,0.000000,6
2025,Saudi Arabian,6,0.169031,6
2025,Saudi Arabian,5,0.447214,5
2025,Singapore,15,0.479005,15
2025,Singapore,15,0.504022,15
2025,Singapore,15,0.684492,15
2025,Singapore,15,0.739923,15
2025,Singapore,14,0.367842,14
2025,Singapore,14,0.511014,14
2025,Singapore,14,0.568640,14
2025,Singapore,14,0.606692,14
2025,Singapore,14,0.637124,14
2025,Singapore,14,0.788548,14
2025,Singapore,13,0.052414,13
2025,Singapore,13,0.184574,13
2025,Singapore,13,0.356693,13
2025,Singapore,13,0.375882,13
2025,Singapore,13,0.529104,13
2025,Singapore,13,0.576923,13
2025,Singapore,13,0.696012,13
2025,Singapore,12,0.021127,12
2025,Singapore,12,0.195804,12
2025,Singapore,12,0.321573,12
2025,Singapore,12,0.649127,12
2025,Singapore,11,0.063781,11
2025,Singapore,11,0.139262,11
2025,Singapore,11,0.163636,11
2025,Singapore,11,0.342469,11
2025,Singapore,11,0.356168,11
2025,Singapore,11,0.378133,11
2025,Singapore,11,0.470325,11
2025,Singapore,11,0.513783,11
2025,Singapore,11,0.587181,11
2025,Singapore,11,0.651404,11
2025,Singapore,11,0.688102,11
2025,Singapore,11,0.689505,11
2025,Singapore,11,0.779045,11
2025,Singapore,10,0.103980,10
2025,Singapore,10,0.376901,10
2025,Singapore,10,0.754658,10
2025,Singapore,10,0.783537,10
2025,Singapore,9,-0.050422,9
2025,Singapore,9,0.583333,9
2025,Singapore,9,0.619252,9
2025,Singapore,9,0.696311,9
2025,Singapore,8,0.095238,8
2025,Singapore,8,0.419169,8
2025,Singapore,7,0.756787,7
2025,Singapore,6,-0.231908,6
2025,Singapore,6,0.376851,6
2025,Singapore,5,-0.200000,5
2025,Spanish,16,0.563422,16
2025,Spanish,16,0.661754,16
2025,Spanish,15,0.418605,15
2025,Spanish,15,0.423972,15
2025,Spanish,15,0.513441,15
2025,Spanish,15,0.585499,15
2025,Spanish,14,0.374864,14
2025,Spanish,14,0.669194,14
2025,Spanish,14,0.769698,14
2025,Spanish,13,-0.045580,13
2025,Spanish,13,0.085518,13
2025,Spanish,13,0.457302,13
2025,Spanish,13,0.578515,13
2025,Spanish,13,0.655650,13
2025,Spanish,13,0.818185,13
2025,Spanish,13,0.896294,13
2025,Spanish,12,0.464221,12
2025,Spanish,12,0.497374,12
2025,Spanish,12,0.515793,12
2025,Spanish,12,0.571451,12
2025,Spanish,12,0.642109,12
2025,Spanish,12,0.708776,12
2025,Spanish,12,0.712285,12
2025,Spanish,12,0.808193,12
2025,Spanish,11,0.192669,11
2025,Spanish,11,0.214614,11
2025,Spanish,11,0.242012,11
2025,Spanish,11,0.374433,11
2025,Spanish,11,0.470882,11
2025,Spanish,11,0.537967,11
2025,Spanish,10,0.493912,10
2025,Spanish,10,0.563636,10
2025,Spanish,10,0.595747,10
2025,Spanish,10,0.621963,10
2025,Spanish,10,0.832831,10
2025,Spanish,10,0.854690,10
2025,Spanish,9,0.436990,9
2025,Spanish,9,0.913547,9
2025,Spanish,8,0.169533,8
2025,Spanish,8,0.214286,8
2025,Spanish,8,0.452381,8
2025,Spanish,8,0.479051,8
2025,Spanish,8,0.694623,8
2025,Spanish,8,0.753444,8
2025,Spanish,8,0.864791,8
2025,Spanish,7,0.928571,7
2025,Spanish,6,0.151794,6
2025,Spanish,6,0.942857,6
2025,Spanish,5,0.223607,5
2025,Spanish,5,0.447214,5
2025,São Paulo,14,0.526433,14
2025,São Paulo,13,0.347109,13
2025,São Paulo,13,0.382922,13
2025,São Paulo,13,0.465567,13
2025,São Paulo,13,0.487605,13
2025,São Paulo,13,0.531682,13
2025,São Paulo,13,0.573798,13
2025,São Paulo,13,0.608818,13
2025,São Paulo,13,0.804411,13
2025,São Paulo,12,0.491231,12
2025,São Paulo,12,0.560421,12
2025,São Paulo,12,0.659653,12
2025,São Paulo,11,0.150342,11
2025,São Paulo,11,0.400912,11
2025,São Paulo,11,0.818182,11
2025,São Paulo,10,-0.187879,10
2025,São Paulo,10,-0.072949,10
2025,São Paulo,10,0.190198,10
2025,São Paulo,10,0.239282,10
2025,São Paulo,10,0.303953,10
2025,São Paulo,10,0.401218,10
2025,São Paulo,10,0.431613,10
2025,São Paulo,10,0.447886,10
2025,São Paulo,10,0.451228,10
2025,São Paulo,10,0.533783,10
2025,São Paulo,10,0.575758,10
2025,São Paulo,10,0.674775,10
2025,São Paulo,10,0.674775,10
2025,São Paulo,9,-0.068091,9
2025,São Paulo,9,0.069631,9
2025,São Paulo,9,0.383333,9
2025,São Paulo,9,0.409082,9
2025,São Paulo,9,0.525499,9
2025,São Paulo,9,0.600000,9
2025,São Paulo,9,0.633333,9
2025,São Paulo,9,0.650000,9
2025,São Paulo,9,0.810827,9
2025,São Paulo,9,0.907595,9
2025,São Paulo,8,-0.023810,8
2025,São Paulo,8,0.095238,8
2025,São Paulo,8,0.142857,8
2025,São Paulo,8,0.285714,8
2025,São Paulo,8,0.311383,8
2025,São Paulo,8,0.479051,8
2025,São Paulo,8,0.512348,8
2025,São Paulo,8,0.571429,8
2025,São Paulo,7,-0.035714,7
2025,São Paulo,7,0.392857,7
2025,São Paulo,7,0.428571,7
2025,São Paulo,7,0.486506,7
2025,São Paulo,7,0.522544,7
2025,São Paulo,7,0.669894,7
2025,São Paulo,7,0.954314,7
2025,São Paulo,6,-0.115954,6
2025,São Paulo,6,0.231908,6
2025,São Paulo,6,0.882735,6
2025,São Paulo,6,0.941124,6
2025,São Paulo,5,-0.153897,5
2025,São Paulo,5,0.894427,5
2025,United States,16,0.191741,16
2025,United States,15,0.295804,15
2025,United States,15,0.309531,15
2025,United States,15,0.367455,15
2025,United States,14,0.554967,14
2025,United States,14,0.575591,14
2025,United States,14,0.659300,14
2025,United States,13,-0.104828,13
2025,United States,13,-0.005564,13
2025,United States,13,0.097092,13
2025,United States,13,0.225331,13
2025,United States,13,0.264277,13
2025,United States,13,0.272622,13
2025,United States,13,0.364124,13
2025,United States,13,0.459850,13
2025,United States,13,0.470930,13
2025,United States,13,0.498632,13
2025,United States,12,0.049473,12
2025,United States,12,0.190823,12
2025,United States,12,0.300370,12
2025,United States,12,0.316204,12
2025,United States,12,0.344627,12
2025,United States,12,0.367158,12
2025,United States,12,0.407111,12
2025,United States,12,0.413777,12
2025,United States,12,0.424811,12
2025,United States,12,0.532379,12
2025,United States,12,0.578274,12
2025,United States,12,0.591382,12
2025,United States,11,0.202260,11
2025,United States,11,0.405569,11
2025,United States,11,0.514528,11
2025,United States,11,0.583903,11
2025,United States,10,0.246070,10
2025,United States,10,0.544337,10
2025,United States,10,0.570595,10
2025,United States,10,0.753123,10
2025,United States,9,0.273861,9
2025,United States,9,0.415862,9
2025,United States,9,0.433614,9
2025,United States,9,0.683202,9
2025,United States,9,0.894614,9
2025,United States,9,0.910844,9
2025,United States,8,0.433766,8
2025,United States,8,0.791040,8
